source_month,prediction_month,complaint_category,current_cases,predicted_cases,baseline_average,forecast_method,trend_level,priority_score,recommended_action_type,recommendation,reason
2026-07,2026-08,Respiratory,5,30,26.72,RandomForestRegressor,Moderate,59,Targeted Advisory,Monitor this trend and consider a targeted advisory if cases continue increasing.,Respiratory cases are currently 5 and are predicted to increase to 30. This needs monitoring because the predicted value is near or above the normal average of 26.72.
2026-07,2026-08,Dysmenorrhea,3,8,4.3,RandomForestRegressor,Moderate,37,Targeted Advisory,Monitor this trend and consider a targeted advisory if cases continue increasing.,Dysmenorrhea cases are currently 3 and are predicted to increase to 8. This needs monitoring because the predicted value is near or above the normal average of 4.30.
2026-07,2026-08,Headache,3,18,16.58,RandomForestRegressor,Stable,33,Regular Monitoring,No major preventive activity needed; continue regular monitoring.,Headache cases are currently 3 and are predicted to increase to 18. This does not require a major intervention based on the current threshold; continue regular monitoring.
2026-07,2026-08,Gastrointestinal,5,11,13.33,RandomForestRegressor,Stable,23,Regular Monitoring,No major preventive activity needed; continue regular monitoring.,Gastrointestinal cases are currently 5 and are predicted to increase to 11. This does not require a major intervention based on the current threshold; continue regular monitoring.
2026-07,2026-08,Blood Pressure,2,6,4.91,RandomForestRegressor,Stable,19,Regular Monitoring,No major preventive activity needed; continue regular monitoring.,Blood Pressure cases are currently 2 and are predicted to increase to 6. This does not require a major intervention based on the current threshold; continue regular monitoring.
2026-07,2026-08,Body Pain,4,6,12.37,RandomForestRegressor,Stable,18,Regular Monitoring,No major preventive activity needed; continue regular monitoring.,Body Pain cases are currently 4 and are predicted to increase to 6. This does not require a major intervention based on the current threshold; continue regular monitoring.
2026-07,2026-08,Dizziness,1,6,5.16,RandomForestRegressor,Stable,18,Regular Monitoring,No major preventive activity needed; continue regular monitoring.,Dizziness cases are currently 1 and are predicted to increase to 6. This does not require a major intervention based on the current threshold; continue regular monitoring.
2026-07,2026-08,Fever,0,7,7.37,RandomForestRegressor,Stable,17,Regular Monitoring,No major preventive activity needed; continue regular monitoring.,Fever cases are currently 0 and are predicted to increase to 7. This does not require a major intervention based on the current threshold; continue regular monitoring.
2026-07,2026-08,Wound/Injury,0,5,6.49,RandomForestRegressor,Stable,15,Regular Monitoring,No major preventive activity needed; continue regular monitoring.,Wound/Injury cases are currently 0 and are predicted to increase to 5. This does not require a major intervention based on the current threshold; continue regular monitoring.
2026-07,2026-08,Dental,2,4,6.95,RandomForestRegressor,Low,10,Regular Monitoring,No major preventive activity needed; continue regular monitoring.,Dental cases are currently 2 and are predicted to increase to 4. This does not require a major intervention based on the current threshold; continue regular monitoring.
2026-07,2026-08,Allergy,1,4,8.93,RandomForestRegressor,Low,9,Regular Monitoring,No major preventive activity needed; continue regular monitoring.,Allergy cases are currently 1 and are predicted to increase to 4. This does not require a major intervention based on the current threshold; continue regular monitoring.
