week_key,week_start,week_end,complaint_category,case_count
2023-W02,2023-01-09,2023-01-15,Allergy,2
2023-W02,2023-01-09,2023-01-15,Blood Pressure,0
2023-W02,2023-01-09,2023-01-15,Body Pain,3
2023-W02,2023-01-09,2023-01-15,Dental,0
2023-W02,2023-01-09,2023-01-15,Dizziness,0
2023-W02,2023-01-09,2023-01-15,Dysmenorrhea,0
2023-W02,2023-01-09,2023-01-15,Fever,1
2023-W02,2023-01-09,2023-01-15,Gastrointestinal,3
2023-W02,2023-01-09,2023-01-15,Headache,1
2023-W02,2023-01-09,2023-01-15,Respiratory,5
2023-W02,2023-01-09,2023-01-15,Wound/Injury,3
2023-W03,2023-01-16,2023-01-22,Allergy,2
2023-W03,2023-01-16,2023-01-22,Blood Pressure,1
2023-W03,2023-01-16,2023-01-22,Body Pain,3
2023-W03,2023-01-16,2023-01-22,Dental,1
2023-W03,2023-01-16,2023-01-22,Dizziness,1
2023-W03,2023-01-16,2023-01-22,Dysmenorrhea,1
2023-W03,2023-01-16,2023-01-22,Fever,0
2023-W03,2023-01-16,2023-01-22,Gastrointestinal,3
2023-W03,2023-01-16,2023-01-22,Headache,1
2023-W03,2023-01-16,2023-01-22,Respiratory,3
2023-W03,2023-01-16,2023-01-22,Wound/Injury,0
2023-W04,2023-01-23,2023-01-29,Allergy,2
2023-W04,2023-01-23,2023-01-29,Blood Pressure,1
2023-W04,2023-01-23,2023-01-29,Body Pain,1
2023-W04,2023-01-23,2023-01-29,Dental,1
2023-W04,2023-01-23,2023-01-29,Dizziness,2
2023-W04,2023-01-23,2023-01-29,Dysmenorrhea,3
2023-W04,2023-01-23,2023-01-29,Fever,0
2023-W04,2023-01-23,2023-01-29,Gastrointestinal,4
2023-W04,2023-01-23,2023-01-29,Headache,1
2023-W04,2023-01-23,2023-01-29,Respiratory,2
2023-W04,2023-01-23,2023-01-29,Wound/Injury,1
2023-W05,2023-01-30,2023-02-05,Allergy,2
2023-W05,2023-01-30,2023-02-05,Blood Pressure,0
2023-W05,2023-01-30,2023-02-05,Body Pain,3
2023-W05,2023-01-30,2023-02-05,Dental,0
2023-W05,2023-01-30,2023-02-05,Dizziness,2
2023-W05,2023-01-30,2023-02-05,Dysmenorrhea,1
2023-W05,2023-01-30,2023-02-05,Fever,1
2023-W05,2023-01-30,2023-02-05,Gastrointestinal,0
2023-W05,2023-01-30,2023-02-05,Headache,0
2023-W05,2023-01-30,2023-02-05,Respiratory,6
2023-W05,2023-01-30,2023-02-05,Wound/Injury,0
2023-W06,2023-02-06,2023-02-12,Allergy,1
2023-W06,2023-02-06,2023-02-12,Blood Pressure,0
2023-W06,2023-02-06,2023-02-12,Body Pain,3
2023-W06,2023-02-06,2023-02-12,Dental,1
2023-W06,2023-02-06,2023-02-12,Dizziness,0
2023-W06,2023-02-06,2023-02-12,Dysmenorrhea,1
2023-W06,2023-02-06,2023-02-12,Fever,0
2023-W06,2023-02-06,2023-02-12,Gastrointestinal,2
2023-W06,2023-02-06,2023-02-12,Headache,1
2023-W06,2023-02-06,2023-02-12,Respiratory,7
2023-W06,2023-02-06,2023-02-12,Wound/Injury,0
2023-W07,2023-02-13,2023-02-19,Allergy,1
2023-W07,2023-02-13,2023-02-19,Blood Pressure,0
2023-W07,2023-02-13,2023-02-19,Body Pain,1
2023-W07,2023-02-13,2023-02-19,Dental,1
2023-W07,2023-02-13,2023-02-19,Dizziness,2
2023-W07,2023-02-13,2023-02-19,Dysmenorrhea,0
2023-W07,2023-02-13,2023-02-19,Fever,4
2023-W07,2023-02-13,2023-02-19,Gastrointestinal,1
2023-W07,2023-02-13,2023-02-19,Headache,0
2023-W07,2023-02-13,2023-02-19,Respiratory,4
2023-W07,2023-02-13,2023-02-19,Wound/Injury,2
2023-W08,2023-02-20,2023-02-26,Allergy,1
2023-W08,2023-02-20,2023-02-26,Blood Pressure,0
2023-W08,2023-02-20,2023-02-26,Body Pain,0
2023-W08,2023-02-20,2023-02-26,Dental,1
2023-W08,2023-02-20,2023-02-26,Dizziness,1
2023-W08,2023-02-20,2023-02-26,Dysmenorrhea,0
2023-W08,2023-02-20,2023-02-26,Fever,1
2023-W08,2023-02-20,2023-02-26,Gastrointestinal,2
2023-W08,2023-02-20,2023-02-26,Headache,2
2023-W08,2023-02-20,2023-02-26,Respiratory,3
2023-W08,2023-02-20,2023-02-26,Wound/Injury,0
2023-W09,2023-02-27,2023-03-05,Allergy,0
2023-W09,2023-02-27,2023-03-05,Blood Pressure,0
2023-W09,2023-02-27,2023-03-05,Body Pain,1
2023-W09,2023-02-27,2023-03-05,Dental,0
2023-W09,2023-02-27,2023-03-05,Dizziness,3
2023-W09,2023-02-27,2023-03-05,Dysmenorrhea,2
2023-W09,2023-02-27,2023-03-05,Fever,0
2023-W09,2023-02-27,2023-03-05,Gastrointestinal,2
2023-W09,2023-02-27,2023-03-05,Headache,2
2023-W09,2023-02-27,2023-03-05,Respiratory,3
2023-W09,2023-02-27,2023-03-05,Wound/Injury,0
2023-W10,2023-03-06,2023-03-12,Allergy,1
2023-W10,2023-03-06,2023-03-12,Blood Pressure,1
2023-W10,2023-03-06,2023-03-12,Body Pain,2
2023-W10,2023-03-06,2023-03-12,Dental,0
2023-W10,2023-03-06,2023-03-12,Dizziness,4
2023-W10,2023-03-06,2023-03-12,Dysmenorrhea,0
2023-W10,2023-03-06,2023-03-12,Fever,2
2023-W10,2023-03-06,2023-03-12,Gastrointestinal,2
2023-W10,2023-03-06,2023-03-12,Headache,1
2023-W10,2023-03-06,2023-03-12,Respiratory,4
2023-W10,2023-03-06,2023-03-12,Wound/Injury,0
2023-W11,2023-03-13,2023-03-19,Allergy,0
2023-W11,2023-03-13,2023-03-19,Blood Pressure,0
2023-W11,2023-03-13,2023-03-19,Body Pain,3
2023-W11,2023-03-13,2023-03-19,Dental,1
2023-W11,2023-03-13,2023-03-19,Dizziness,1
2023-W11,2023-03-13,2023-03-19,Dysmenorrhea,1
2023-W11,2023-03-13,2023-03-19,Fever,1
2023-W11,2023-03-13,2023-03-19,Gastrointestinal,1
2023-W11,2023-03-13,2023-03-19,Headache,1
2023-W11,2023-03-13,2023-03-19,Respiratory,2
2023-W11,2023-03-13,2023-03-19,Wound/Injury,0
2023-W12,2023-03-20,2023-03-26,Allergy,2
2023-W12,2023-03-20,2023-03-26,Blood Pressure,0
2023-W12,2023-03-20,2023-03-26,Body Pain,2
2023-W12,2023-03-20,2023-03-26,Dental,2
2023-W12,2023-03-20,2023-03-26,Dizziness,1
2023-W12,2023-03-20,2023-03-26,Dysmenorrhea,1
2023-W12,2023-03-20,2023-03-26,Fever,0
2023-W12,2023-03-20,2023-03-26,Gastrointestinal,0
2023-W12,2023-03-20,2023-03-26,Headache,2
2023-W12,2023-03-20,2023-03-26,Respiratory,3
2023-W12,2023-03-20,2023-03-26,Wound/Injury,1
2023-W13,2023-03-27,2023-04-02,Allergy,2
2023-W13,2023-03-27,2023-04-02,Blood Pressure,1
2023-W13,2023-03-27,2023-04-02,Body Pain,4
2023-W13,2023-03-27,2023-04-02,Dental,2
2023-W13,2023-03-27,2023-04-02,Dizziness,1
2023-W13,2023-03-27,2023-04-02,Dysmenorrhea,0
2023-W13,2023-03-27,2023-04-02,Fever,1
2023-W13,2023-03-27,2023-04-02,Gastrointestinal,2
2023-W13,2023-03-27,2023-04-02,Headache,1
2023-W13,2023-03-27,2023-04-02,Respiratory,2
2023-W13,2023-03-27,2023-04-02,Wound/Injury,0
2023-W14,2023-04-03,2023-04-09,Allergy,0
2023-W14,2023-04-03,2023-04-09,Blood Pressure,0
2023-W14,2023-04-03,2023-04-09,Body Pain,1
2023-W14,2023-04-03,2023-04-09,Dental,0
2023-W14,2023-04-03,2023-04-09,Dizziness,1
2023-W14,2023-04-03,2023-04-09,Dysmenorrhea,0
2023-W14,2023-04-03,2023-04-09,Fever,0
2023-W14,2023-04-03,2023-04-09,Gastrointestinal,1
2023-W14,2023-04-03,2023-04-09,Headache,0
2023-W14,2023-04-03,2023-04-09,Respiratory,3
2023-W14,2023-04-03,2023-04-09,Wound/Injury,1
2023-W15,2023-04-10,2023-04-16,Allergy,0
2023-W15,2023-04-10,2023-04-16,Blood Pressure,0
2023-W15,2023-04-10,2023-04-16,Body Pain,1
2023-W15,2023-04-10,2023-04-16,Dental,1
2023-W15,2023-04-10,2023-04-16,Dizziness,1
2023-W15,2023-04-10,2023-04-16,Dysmenorrhea,0
2023-W15,2023-04-10,2023-04-16,Fever,2
2023-W15,2023-04-10,2023-04-16,Gastrointestinal,1
2023-W15,2023-04-10,2023-04-16,Headache,2
2023-W15,2023-04-10,2023-04-16,Respiratory,2
2023-W15,2023-04-10,2023-04-16,Wound/Injury,0
2023-W16,2023-04-17,2023-04-23,Allergy,1
2023-W16,2023-04-17,2023-04-23,Blood Pressure,0
2023-W16,2023-04-17,2023-04-23,Body Pain,1
2023-W16,2023-04-17,2023-04-23,Dental,1
2023-W16,2023-04-17,2023-04-23,Dizziness,0
2023-W16,2023-04-17,2023-04-23,Dysmenorrhea,1
2023-W16,2023-04-17,2023-04-23,Fever,2
2023-W16,2023-04-17,2023-04-23,Gastrointestinal,2
2023-W16,2023-04-17,2023-04-23,Headache,0
2023-W16,2023-04-17,2023-04-23,Respiratory,4
2023-W16,2023-04-17,2023-04-23,Wound/Injury,1
2023-W17,2023-04-24,2023-04-30,Allergy,1
2023-W17,2023-04-24,2023-04-30,Blood Pressure,1
2023-W17,2023-04-24,2023-04-30,Body Pain,1
2023-W17,2023-04-24,2023-04-30,Dental,0
2023-W17,2023-04-24,2023-04-30,Dizziness,1
2023-W17,2023-04-24,2023-04-30,Dysmenorrhea,1
2023-W17,2023-04-24,2023-04-30,Fever,0
2023-W17,2023-04-24,2023-04-30,Gastrointestinal,0
2023-W17,2023-04-24,2023-04-30,Headache,2
2023-W17,2023-04-24,2023-04-30,Respiratory,1
2023-W17,2023-04-24,2023-04-30,Wound/Injury,2
2023-W18,2023-05-01,2023-05-07,Allergy,0
2023-W18,2023-05-01,2023-05-07,Blood Pressure,0
2023-W18,2023-05-01,2023-05-07,Body Pain,0
2023-W18,2023-05-01,2023-05-07,Dental,1
2023-W18,2023-05-01,2023-05-07,Dizziness,2
2023-W18,2023-05-01,2023-05-07,Dysmenorrhea,1
2023-W18,2023-05-01,2023-05-07,Fever,0
2023-W18,2023-05-01,2023-05-07,Gastrointestinal,2
2023-W18,2023-05-01,2023-05-07,Headache,2
2023-W18,2023-05-01,2023-05-07,Respiratory,1
2023-W18,2023-05-01,2023-05-07,Wound/Injury,0
2023-W19,2023-05-08,2023-05-14,Allergy,0
2023-W19,2023-05-08,2023-05-14,Blood Pressure,0
2023-W19,2023-05-08,2023-05-14,Body Pain,2
2023-W19,2023-05-08,2023-05-14,Dental,0
2023-W19,2023-05-08,2023-05-14,Dizziness,1
2023-W19,2023-05-08,2023-05-14,Dysmenorrhea,1
2023-W19,2023-05-08,2023-05-14,Fever,1
2023-W19,2023-05-08,2023-05-14,Gastrointestinal,1
2023-W19,2023-05-08,2023-05-14,Headache,2
2023-W19,2023-05-08,2023-05-14,Respiratory,2
2023-W19,2023-05-08,2023-05-14,Wound/Injury,2
2023-W20,2023-05-15,2023-05-21,Allergy,2
2023-W20,2023-05-15,2023-05-21,Blood Pressure,1
2023-W20,2023-05-15,2023-05-21,Body Pain,2
2023-W20,2023-05-15,2023-05-21,Dental,0
2023-W20,2023-05-15,2023-05-21,Dizziness,2
2023-W20,2023-05-15,2023-05-21,Dysmenorrhea,1
2023-W20,2023-05-15,2023-05-21,Fever,0
2023-W20,2023-05-15,2023-05-21,Gastrointestinal,0
2023-W20,2023-05-15,2023-05-21,Headache,3
2023-W20,2023-05-15,2023-05-21,Respiratory,0
2023-W20,2023-05-15,2023-05-21,Wound/Injury,2
2023-W21,2023-05-22,2023-05-28,Allergy,0
2023-W21,2023-05-22,2023-05-28,Blood Pressure,0
2023-W21,2023-05-22,2023-05-28,Body Pain,3
2023-W21,2023-05-22,2023-05-28,Dental,1
2023-W21,2023-05-22,2023-05-28,Dizziness,1
2023-W21,2023-05-22,2023-05-28,Dysmenorrhea,1
2023-W21,2023-05-22,2023-05-28,Fever,1
2023-W21,2023-05-22,2023-05-28,Gastrointestinal,1
2023-W21,2023-05-22,2023-05-28,Headache,2
2023-W21,2023-05-22,2023-05-28,Respiratory,2
2023-W21,2023-05-22,2023-05-28,Wound/Injury,0
2023-W22,2023-05-29,2023-06-04,Allergy,1
2023-W22,2023-05-29,2023-06-04,Blood Pressure,0
2023-W22,2023-05-29,2023-06-04,Body Pain,1
2023-W22,2023-05-29,2023-06-04,Dental,0
2023-W22,2023-05-29,2023-06-04,Dizziness,0
2023-W22,2023-05-29,2023-06-04,Dysmenorrhea,0
2023-W22,2023-05-29,2023-06-04,Fever,1
2023-W22,2023-05-29,2023-06-04,Gastrointestinal,2
2023-W22,2023-05-29,2023-06-04,Headache,0
2023-W22,2023-05-29,2023-06-04,Respiratory,0
2023-W22,2023-05-29,2023-06-04,Wound/Injury,0
2023-W23,2023-06-05,2023-06-11,Allergy,3
2023-W23,2023-06-05,2023-06-11,Blood Pressure,0
2023-W23,2023-06-05,2023-06-11,Body Pain,0
2023-W23,2023-06-05,2023-06-11,Dental,1
2023-W23,2023-06-05,2023-06-11,Dizziness,1
2023-W23,2023-06-05,2023-06-11,Dysmenorrhea,0
2023-W23,2023-06-05,2023-06-11,Fever,0
2023-W23,2023-06-05,2023-06-11,Gastrointestinal,1
2023-W23,2023-06-05,2023-06-11,Headache,0
2023-W23,2023-06-05,2023-06-11,Respiratory,3
2023-W23,2023-06-05,2023-06-11,Wound/Injury,0
2023-W24,2023-06-12,2023-06-18,Allergy,0
2023-W24,2023-06-12,2023-06-18,Blood Pressure,1
2023-W24,2023-06-12,2023-06-18,Body Pain,3
2023-W24,2023-06-12,2023-06-18,Dental,1
2023-W24,2023-06-12,2023-06-18,Dizziness,0
2023-W24,2023-06-12,2023-06-18,Dysmenorrhea,0
2023-W24,2023-06-12,2023-06-18,Fever,1
2023-W24,2023-06-12,2023-06-18,Gastrointestinal,0
2023-W24,2023-06-12,2023-06-18,Headache,0
2023-W24,2023-06-12,2023-06-18,Respiratory,5
2023-W24,2023-06-12,2023-06-18,Wound/Injury,0
2023-W25,2023-06-19,2023-06-25,Allergy,0
2023-W25,2023-06-19,2023-06-25,Blood Pressure,2
2023-W25,2023-06-19,2023-06-25,Body Pain,0
2023-W25,2023-06-19,2023-06-25,Dental,0
2023-W25,2023-06-19,2023-06-25,Dizziness,0
2023-W25,2023-06-19,2023-06-25,Dysmenorrhea,0
2023-W25,2023-06-19,2023-06-25,Fever,2
2023-W25,2023-06-19,2023-06-25,Gastrointestinal,0
2023-W25,2023-06-19,2023-06-25,Headache,0
2023-W25,2023-06-19,2023-06-25,Respiratory,4
2023-W25,2023-06-19,2023-06-25,Wound/Injury,0
2023-W26,2023-06-26,2023-07-02,Allergy,2
2023-W26,2023-06-26,2023-07-02,Blood Pressure,0
2023-W26,2023-06-26,2023-07-02,Body Pain,0
2023-W26,2023-06-26,2023-07-02,Dental,0
2023-W26,2023-06-26,2023-07-02,Dizziness,0
2023-W26,2023-06-26,2023-07-02,Dysmenorrhea,0
2023-W26,2023-06-26,2023-07-02,Fever,1
2023-W26,2023-06-26,2023-07-02,Gastrointestinal,1
2023-W26,2023-06-26,2023-07-02,Headache,0
2023-W26,2023-06-26,2023-07-02,Respiratory,4
2023-W26,2023-06-26,2023-07-02,Wound/Injury,1
2023-W27,2023-07-03,2023-07-09,Allergy,5
2023-W27,2023-07-03,2023-07-09,Blood Pressure,2
2023-W27,2023-07-03,2023-07-09,Body Pain,15
2023-W27,2023-07-03,2023-07-09,Dental,1
2023-W27,2023-07-03,2023-07-09,Dizziness,4
2023-W27,2023-07-03,2023-07-09,Dysmenorrhea,1
2023-W27,2023-07-03,2023-07-09,Fever,3
2023-W27,2023-07-03,2023-07-09,Gastrointestinal,1
2023-W27,2023-07-03,2023-07-09,Headache,28
2023-W27,2023-07-03,2023-07-09,Respiratory,13
2023-W27,2023-07-03,2023-07-09,Wound/Injury,7
2023-W28,2023-07-10,2023-07-16,Allergy,2
2023-W28,2023-07-10,2023-07-16,Blood Pressure,0
2023-W28,2023-07-10,2023-07-16,Body Pain,7
2023-W28,2023-07-10,2023-07-16,Dental,5
2023-W28,2023-07-10,2023-07-16,Dizziness,0
2023-W28,2023-07-10,2023-07-16,Dysmenorrhea,1
2023-W28,2023-07-10,2023-07-16,Fever,8
2023-W28,2023-07-10,2023-07-16,Gastrointestinal,7
2023-W28,2023-07-10,2023-07-16,Headache,14
2023-W28,2023-07-10,2023-07-16,Respiratory,16
2023-W28,2023-07-10,2023-07-16,Wound/Injury,1
2023-W29,2023-07-17,2023-07-23,Allergy,1
2023-W29,2023-07-17,2023-07-23,Blood Pressure,0
2023-W29,2023-07-17,2023-07-23,Body Pain,0
2023-W29,2023-07-17,2023-07-23,Dental,4
2023-W29,2023-07-17,2023-07-23,Dizziness,0
2023-W29,2023-07-17,2023-07-23,Dysmenorrhea,1
2023-W29,2023-07-17,2023-07-23,Fever,2
2023-W29,2023-07-17,2023-07-23,Gastrointestinal,4
2023-W29,2023-07-17,2023-07-23,Headache,11
2023-W29,2023-07-17,2023-07-23,Respiratory,3
2023-W29,2023-07-17,2023-07-23,Wound/Injury,1
2023-W30,2023-07-24,2023-07-30,Allergy,4
2023-W30,2023-07-24,2023-07-30,Blood Pressure,2
2023-W30,2023-07-24,2023-07-30,Body Pain,3
2023-W30,2023-07-24,2023-07-30,Dental,3
2023-W30,2023-07-24,2023-07-30,Dizziness,0
2023-W30,2023-07-24,2023-07-30,Dysmenorrhea,0
2023-W30,2023-07-24,2023-07-30,Fever,2
2023-W30,2023-07-24,2023-07-30,Gastrointestinal,4
2023-W30,2023-07-24,2023-07-30,Headache,22
2023-W30,2023-07-24,2023-07-30,Respiratory,11
2023-W30,2023-07-24,2023-07-30,Wound/Injury,2
2023-W31,2023-07-31,2023-08-06,Allergy,0
2023-W31,2023-07-31,2023-08-06,Blood Pressure,0
2023-W31,2023-07-31,2023-08-06,Body Pain,0
2023-W31,2023-07-31,2023-08-06,Dental,0
2023-W31,2023-07-31,2023-08-06,Dizziness,0
2023-W31,2023-07-31,2023-08-06,Dysmenorrhea,0
2023-W31,2023-07-31,2023-08-06,Fever,0
2023-W31,2023-07-31,2023-08-06,Gastrointestinal,0
2023-W31,2023-07-31,2023-08-06,Headache,0
2023-W31,2023-07-31,2023-08-06,Respiratory,0
2023-W31,2023-07-31,2023-08-06,Wound/Injury,0
2023-W32,2023-08-07,2023-08-13,Allergy,0
2023-W32,2023-08-07,2023-08-13,Blood Pressure,0
2023-W32,2023-08-07,2023-08-13,Body Pain,0
2023-W32,2023-08-07,2023-08-13,Dental,0
2023-W32,2023-08-07,2023-08-13,Dizziness,0
2023-W32,2023-08-07,2023-08-13,Dysmenorrhea,0
2023-W32,2023-08-07,2023-08-13,Fever,0
2023-W32,2023-08-07,2023-08-13,Gastrointestinal,0
2023-W32,2023-08-07,2023-08-13,Headache,0
2023-W32,2023-08-07,2023-08-13,Respiratory,0
2023-W32,2023-08-07,2023-08-13,Wound/Injury,0
2023-W33,2023-08-14,2023-08-20,Allergy,0
2023-W33,2023-08-14,2023-08-20,Blood Pressure,0
2023-W33,2023-08-14,2023-08-20,Body Pain,0
2023-W33,2023-08-14,2023-08-20,Dental,0
2023-W33,2023-08-14,2023-08-20,Dizziness,0
2023-W33,2023-08-14,2023-08-20,Dysmenorrhea,0
2023-W33,2023-08-14,2023-08-20,Fever,0
2023-W33,2023-08-14,2023-08-20,Gastrointestinal,0
2023-W33,2023-08-14,2023-08-20,Headache,0
2023-W33,2023-08-14,2023-08-20,Respiratory,0
2023-W33,2023-08-14,2023-08-20,Wound/Injury,0
2023-W34,2023-08-21,2023-08-27,Allergy,0
2023-W34,2023-08-21,2023-08-27,Blood Pressure,0
2023-W34,2023-08-21,2023-08-27,Body Pain,0
2023-W34,2023-08-21,2023-08-27,Dental,0
2023-W34,2023-08-21,2023-08-27,Dizziness,0
2023-W34,2023-08-21,2023-08-27,Dysmenorrhea,0
2023-W34,2023-08-21,2023-08-27,Fever,0
2023-W34,2023-08-21,2023-08-27,Gastrointestinal,0
2023-W34,2023-08-21,2023-08-27,Headache,0
2023-W34,2023-08-21,2023-08-27,Respiratory,0
2023-W34,2023-08-21,2023-08-27,Wound/Injury,0
2023-W35,2023-08-28,2023-09-03,Allergy,1
2023-W35,2023-08-28,2023-09-03,Blood Pressure,0
2023-W35,2023-08-28,2023-09-03,Body Pain,0
2023-W35,2023-08-28,2023-09-03,Dental,1
2023-W35,2023-08-28,2023-09-03,Dizziness,0
2023-W35,2023-08-28,2023-09-03,Dysmenorrhea,0
2023-W35,2023-08-28,2023-09-03,Fever,1
2023-W35,2023-08-28,2023-09-03,Gastrointestinal,0
2023-W35,2023-08-28,2023-09-03,Headache,1
2023-W35,2023-08-28,2023-09-03,Respiratory,5
2023-W35,2023-08-28,2023-09-03,Wound/Injury,2
2023-W36,2023-09-04,2023-09-10,Allergy,0
2023-W36,2023-09-04,2023-09-10,Blood Pressure,0
2023-W36,2023-09-04,2023-09-10,Body Pain,0
2023-W36,2023-09-04,2023-09-10,Dental,0
2023-W36,2023-09-04,2023-09-10,Dizziness,0
2023-W36,2023-09-04,2023-09-10,Dysmenorrhea,0
2023-W36,2023-09-04,2023-09-10,Fever,0
2023-W36,2023-09-04,2023-09-10,Gastrointestinal,0
2023-W36,2023-09-04,2023-09-10,Headache,0
2023-W36,2023-09-04,2023-09-10,Respiratory,0
2023-W36,2023-09-04,2023-09-10,Wound/Injury,0
2023-W37,2023-09-11,2023-09-17,Allergy,0
2023-W37,2023-09-11,2023-09-17,Blood Pressure,0
2023-W37,2023-09-11,2023-09-17,Body Pain,0
2023-W37,2023-09-11,2023-09-17,Dental,0
2023-W37,2023-09-11,2023-09-17,Dizziness,0
2023-W37,2023-09-11,2023-09-17,Dysmenorrhea,0
2023-W37,2023-09-11,2023-09-17,Fever,0
2023-W37,2023-09-11,2023-09-17,Gastrointestinal,0
2023-W37,2023-09-11,2023-09-17,Headache,0
2023-W37,2023-09-11,2023-09-17,Respiratory,0
2023-W37,2023-09-11,2023-09-17,Wound/Injury,0
2023-W38,2023-09-18,2023-09-24,Allergy,0
2023-W38,2023-09-18,2023-09-24,Blood Pressure,0
2023-W38,2023-09-18,2023-09-24,Body Pain,0
2023-W38,2023-09-18,2023-09-24,Dental,1
2023-W38,2023-09-18,2023-09-24,Dizziness,0
2023-W38,2023-09-18,2023-09-24,Dysmenorrhea,0
2023-W38,2023-09-18,2023-09-24,Fever,0
2023-W38,2023-09-18,2023-09-24,Gastrointestinal,0
2023-W38,2023-09-18,2023-09-24,Headache,0
2023-W38,2023-09-18,2023-09-24,Respiratory,0
2023-W38,2023-09-18,2023-09-24,Wound/Injury,0
2023-W39,2023-09-25,2023-10-01,Allergy,0
2023-W39,2023-09-25,2023-10-01,Blood Pressure,0
2023-W39,2023-09-25,2023-10-01,Body Pain,0
2023-W39,2023-09-25,2023-10-01,Dental,0
2023-W39,2023-09-25,2023-10-01,Dizziness,0
2023-W39,2023-09-25,2023-10-01,Dysmenorrhea,0
2023-W39,2023-09-25,2023-10-01,Fever,3
2023-W39,2023-09-25,2023-10-01,Gastrointestinal,2
2023-W39,2023-09-25,2023-10-01,Headache,0
2023-W39,2023-09-25,2023-10-01,Respiratory,7
2023-W39,2023-09-25,2023-10-01,Wound/Injury,1
2023-W40,2023-10-02,2023-10-08,Allergy,0
2023-W40,2023-10-02,2023-10-08,Blood Pressure,0
2023-W40,2023-10-02,2023-10-08,Body Pain,0
2023-W40,2023-10-02,2023-10-08,Dental,0
2023-W40,2023-10-02,2023-10-08,Dizziness,0
2023-W40,2023-10-02,2023-10-08,Dysmenorrhea,0
2023-W40,2023-10-02,2023-10-08,Fever,0
2023-W40,2023-10-02,2023-10-08,Gastrointestinal,0
2023-W40,2023-10-02,2023-10-08,Headache,0
2023-W40,2023-10-02,2023-10-08,Respiratory,1
2023-W40,2023-10-02,2023-10-08,Wound/Injury,0
2023-W41,2023-10-09,2023-10-15,Allergy,0
2023-W41,2023-10-09,2023-10-15,Blood Pressure,0
2023-W41,2023-10-09,2023-10-15,Body Pain,0
2023-W41,2023-10-09,2023-10-15,Dental,0
2023-W41,2023-10-09,2023-10-15,Dizziness,0
2023-W41,2023-10-09,2023-10-15,Dysmenorrhea,0
2023-W41,2023-10-09,2023-10-15,Fever,0
2023-W41,2023-10-09,2023-10-15,Gastrointestinal,0
2023-W41,2023-10-09,2023-10-15,Headache,0
2023-W41,2023-10-09,2023-10-15,Respiratory,0
2023-W41,2023-10-09,2023-10-15,Wound/Injury,0
2023-W42,2023-10-16,2023-10-22,Allergy,0
2023-W42,2023-10-16,2023-10-22,Blood Pressure,0
2023-W42,2023-10-16,2023-10-22,Body Pain,0
2023-W42,2023-10-16,2023-10-22,Dental,0
2023-W42,2023-10-16,2023-10-22,Dizziness,0
2023-W42,2023-10-16,2023-10-22,Dysmenorrhea,0
2023-W42,2023-10-16,2023-10-22,Fever,0
2023-W42,2023-10-16,2023-10-22,Gastrointestinal,0
2023-W42,2023-10-16,2023-10-22,Headache,0
2023-W42,2023-10-16,2023-10-22,Respiratory,0
2023-W42,2023-10-16,2023-10-22,Wound/Injury,0
2023-W43,2023-10-23,2023-10-29,Allergy,0
2023-W43,2023-10-23,2023-10-29,Blood Pressure,0
2023-W43,2023-10-23,2023-10-29,Body Pain,0
2023-W43,2023-10-23,2023-10-29,Dental,0
2023-W43,2023-10-23,2023-10-29,Dizziness,0
2023-W43,2023-10-23,2023-10-29,Dysmenorrhea,0
2023-W43,2023-10-23,2023-10-29,Fever,0
2023-W43,2023-10-23,2023-10-29,Gastrointestinal,0
2023-W43,2023-10-23,2023-10-29,Headache,0
2023-W43,2023-10-23,2023-10-29,Respiratory,0
2023-W43,2023-10-23,2023-10-29,Wound/Injury,0
2023-W44,2023-10-30,2023-11-05,Allergy,0
2023-W44,2023-10-30,2023-11-05,Blood Pressure,0
2023-W44,2023-10-30,2023-11-05,Body Pain,0
2023-W44,2023-10-30,2023-11-05,Dental,0
2023-W44,2023-10-30,2023-11-05,Dizziness,0
2023-W44,2023-10-30,2023-11-05,Dysmenorrhea,0
2023-W44,2023-10-30,2023-11-05,Fever,0
2023-W44,2023-10-30,2023-11-05,Gastrointestinal,0
2023-W44,2023-10-30,2023-11-05,Headache,0
2023-W44,2023-10-30,2023-11-05,Respiratory,0
2023-W44,2023-10-30,2023-11-05,Wound/Injury,0
2023-W45,2023-11-06,2023-11-12,Allergy,1
2023-W45,2023-11-06,2023-11-12,Blood Pressure,0
2023-W45,2023-11-06,2023-11-12,Body Pain,1
2023-W45,2023-11-06,2023-11-12,Dental,0
2023-W45,2023-11-06,2023-11-12,Dizziness,0
2023-W45,2023-11-06,2023-11-12,Dysmenorrhea,0
2023-W45,2023-11-06,2023-11-12,Fever,5
2023-W45,2023-11-06,2023-11-12,Gastrointestinal,2
2023-W45,2023-11-06,2023-11-12,Headache,0
2023-W45,2023-11-06,2023-11-12,Respiratory,4
2023-W45,2023-11-06,2023-11-12,Wound/Injury,1
2023-W46,2023-11-13,2023-11-19,Allergy,0
2023-W46,2023-11-13,2023-11-19,Blood Pressure,1
2023-W46,2023-11-13,2023-11-19,Body Pain,0
2023-W46,2023-11-13,2023-11-19,Dental,0
2023-W46,2023-11-13,2023-11-19,Dizziness,1
2023-W46,2023-11-13,2023-11-19,Dysmenorrhea,0
2023-W46,2023-11-13,2023-11-19,Fever,3
2023-W46,2023-11-13,2023-11-19,Gastrointestinal,1
2023-W46,2023-11-13,2023-11-19,Headache,3
2023-W46,2023-11-13,2023-11-19,Respiratory,4
2023-W46,2023-11-13,2023-11-19,Wound/Injury,0
2023-W47,2023-11-20,2023-11-26,Allergy,0
2023-W47,2023-11-20,2023-11-26,Blood Pressure,0
2023-W47,2023-11-20,2023-11-26,Body Pain,0
2023-W47,2023-11-20,2023-11-26,Dental,0
2023-W47,2023-11-20,2023-11-26,Dizziness,0
2023-W47,2023-11-20,2023-11-26,Dysmenorrhea,0
2023-W47,2023-11-20,2023-11-26,Fever,3
2023-W47,2023-11-20,2023-11-26,Gastrointestinal,2
2023-W47,2023-11-20,2023-11-26,Headache,1
2023-W47,2023-11-20,2023-11-26,Respiratory,4
2023-W47,2023-11-20,2023-11-26,Wound/Injury,1
2023-W48,2023-11-27,2023-12-03,Allergy,1
2023-W48,2023-11-27,2023-12-03,Blood Pressure,0
2023-W48,2023-11-27,2023-12-03,Body Pain,1
2023-W48,2023-11-27,2023-12-03,Dental,0
2023-W48,2023-11-27,2023-12-03,Dizziness,2
2023-W48,2023-11-27,2023-12-03,Dysmenorrhea,1
2023-W48,2023-11-27,2023-12-03,Fever,1
2023-W48,2023-11-27,2023-12-03,Gastrointestinal,0
2023-W48,2023-11-27,2023-12-03,Headache,0
2023-W48,2023-11-27,2023-12-03,Respiratory,3
2023-W48,2023-11-27,2023-12-03,Wound/Injury,0
2023-W49,2023-12-04,2023-12-10,Allergy,0
2023-W49,2023-12-04,2023-12-10,Blood Pressure,0
2023-W49,2023-12-04,2023-12-10,Body Pain,1
2023-W49,2023-12-04,2023-12-10,Dental,3
2023-W49,2023-12-04,2023-12-10,Dizziness,0
2023-W49,2023-12-04,2023-12-10,Dysmenorrhea,1
2023-W49,2023-12-04,2023-12-10,Fever,0
2023-W49,2023-12-04,2023-12-10,Gastrointestinal,2
2023-W49,2023-12-04,2023-12-10,Headache,1
2023-W49,2023-12-04,2023-12-10,Respiratory,6
2023-W49,2023-12-04,2023-12-10,Wound/Injury,3
2023-W50,2023-12-11,2023-12-17,Allergy,1
2023-W50,2023-12-11,2023-12-17,Blood Pressure,2
2023-W50,2023-12-11,2023-12-17,Body Pain,2
2023-W50,2023-12-11,2023-12-17,Dental,0
2023-W50,2023-12-11,2023-12-17,Dizziness,0
2023-W50,2023-12-11,2023-12-17,Dysmenorrhea,2
2023-W50,2023-12-11,2023-12-17,Fever,0
2023-W50,2023-12-11,2023-12-17,Gastrointestinal,2
2023-W50,2023-12-11,2023-12-17,Headache,0
2023-W50,2023-12-11,2023-12-17,Respiratory,5
2023-W50,2023-12-11,2023-12-17,Wound/Injury,0
2023-W51,2023-12-18,2023-12-24,Allergy,0
2023-W51,2023-12-18,2023-12-24,Blood Pressure,0
2023-W51,2023-12-18,2023-12-24,Body Pain,0
2023-W51,2023-12-18,2023-12-24,Dental,0
2023-W51,2023-12-18,2023-12-24,Dizziness,0
2023-W51,2023-12-18,2023-12-24,Dysmenorrhea,0
2023-W51,2023-12-18,2023-12-24,Fever,0
2023-W51,2023-12-18,2023-12-24,Gastrointestinal,0
2023-W51,2023-12-18,2023-12-24,Headache,0
2023-W51,2023-12-18,2023-12-24,Respiratory,0
2023-W51,2023-12-18,2023-12-24,Wound/Injury,0
2023-W52,2023-12-25,2023-12-31,Allergy,0
2023-W52,2023-12-25,2023-12-31,Blood Pressure,0
2023-W52,2023-12-25,2023-12-31,Body Pain,0
2023-W52,2023-12-25,2023-12-31,Dental,0
2023-W52,2023-12-25,2023-12-31,Dizziness,0
2023-W52,2023-12-25,2023-12-31,Dysmenorrhea,0
2023-W52,2023-12-25,2023-12-31,Fever,0
2023-W52,2023-12-25,2023-12-31,Gastrointestinal,0
2023-W52,2023-12-25,2023-12-31,Headache,0
2023-W52,2023-12-25,2023-12-31,Respiratory,0
2023-W52,2023-12-25,2023-12-31,Wound/Injury,0
2024-W01,2024-01-01,2024-01-07,Allergy,0
2024-W01,2024-01-01,2024-01-07,Blood Pressure,0
2024-W01,2024-01-01,2024-01-07,Body Pain,0
2024-W01,2024-01-01,2024-01-07,Dental,0
2024-W01,2024-01-01,2024-01-07,Dizziness,0
2024-W01,2024-01-01,2024-01-07,Dysmenorrhea,0
2024-W01,2024-01-01,2024-01-07,Fever,0
2024-W01,2024-01-01,2024-01-07,Gastrointestinal,0
2024-W01,2024-01-01,2024-01-07,Headache,0
2024-W01,2024-01-01,2024-01-07,Respiratory,0
2024-W01,2024-01-01,2024-01-07,Wound/Injury,0
2024-W02,2024-01-08,2024-01-14,Allergy,0
2024-W02,2024-01-08,2024-01-14,Blood Pressure,0
2024-W02,2024-01-08,2024-01-14,Body Pain,0
2024-W02,2024-01-08,2024-01-14,Dental,0
2024-W02,2024-01-08,2024-01-14,Dizziness,0
2024-W02,2024-01-08,2024-01-14,Dysmenorrhea,0
2024-W02,2024-01-08,2024-01-14,Fever,0
2024-W02,2024-01-08,2024-01-14,Gastrointestinal,1
2024-W02,2024-01-08,2024-01-14,Headache,1
2024-W02,2024-01-08,2024-01-14,Respiratory,0
2024-W02,2024-01-08,2024-01-14,Wound/Injury,0
2024-W03,2024-01-15,2024-01-21,Allergy,0
2024-W03,2024-01-15,2024-01-21,Blood Pressure,0
2024-W03,2024-01-15,2024-01-21,Body Pain,0
2024-W03,2024-01-15,2024-01-21,Dental,0
2024-W03,2024-01-15,2024-01-21,Dizziness,0
2024-W03,2024-01-15,2024-01-21,Dysmenorrhea,0
2024-W03,2024-01-15,2024-01-21,Fever,0
2024-W03,2024-01-15,2024-01-21,Gastrointestinal,0
2024-W03,2024-01-15,2024-01-21,Headache,0
2024-W03,2024-01-15,2024-01-21,Respiratory,0
2024-W03,2024-01-15,2024-01-21,Wound/Injury,0
2024-W04,2024-01-22,2024-01-28,Allergy,0
2024-W04,2024-01-22,2024-01-28,Blood Pressure,1
2024-W04,2024-01-22,2024-01-28,Body Pain,0
2024-W04,2024-01-22,2024-01-28,Dental,0
2024-W04,2024-01-22,2024-01-28,Dizziness,0
2024-W04,2024-01-22,2024-01-28,Dysmenorrhea,0
2024-W04,2024-01-22,2024-01-28,Fever,0
2024-W04,2024-01-22,2024-01-28,Gastrointestinal,0
2024-W04,2024-01-22,2024-01-28,Headache,0
2024-W04,2024-01-22,2024-01-28,Respiratory,2
2024-W04,2024-01-22,2024-01-28,Wound/Injury,0
2024-W05,2024-01-29,2024-02-04,Allergy,0
2024-W05,2024-01-29,2024-02-04,Blood Pressure,0
2024-W05,2024-01-29,2024-02-04,Body Pain,0
2024-W05,2024-01-29,2024-02-04,Dental,0
2024-W05,2024-01-29,2024-02-04,Dizziness,0
2024-W05,2024-01-29,2024-02-04,Dysmenorrhea,0
2024-W05,2024-01-29,2024-02-04,Fever,2
2024-W05,2024-01-29,2024-02-04,Gastrointestinal,0
2024-W05,2024-01-29,2024-02-04,Headache,0
2024-W05,2024-01-29,2024-02-04,Respiratory,2
2024-W05,2024-01-29,2024-02-04,Wound/Injury,0
2024-W06,2024-02-05,2024-02-11,Allergy,0
2024-W06,2024-02-05,2024-02-11,Blood Pressure,0
2024-W06,2024-02-05,2024-02-11,Body Pain,0
2024-W06,2024-02-05,2024-02-11,Dental,0
2024-W06,2024-02-05,2024-02-11,Dizziness,0
2024-W06,2024-02-05,2024-02-11,Dysmenorrhea,0
2024-W06,2024-02-05,2024-02-11,Fever,0
2024-W06,2024-02-05,2024-02-11,Gastrointestinal,0
2024-W06,2024-02-05,2024-02-11,Headache,0
2024-W06,2024-02-05,2024-02-11,Respiratory,0
2024-W06,2024-02-05,2024-02-11,Wound/Injury,0
2024-W07,2024-02-12,2024-02-18,Allergy,0
2024-W07,2024-02-12,2024-02-18,Blood Pressure,0
2024-W07,2024-02-12,2024-02-18,Body Pain,0
2024-W07,2024-02-12,2024-02-18,Dental,0
2024-W07,2024-02-12,2024-02-18,Dizziness,0
2024-W07,2024-02-12,2024-02-18,Dysmenorrhea,0
2024-W07,2024-02-12,2024-02-18,Fever,0
2024-W07,2024-02-12,2024-02-18,Gastrointestinal,0
2024-W07,2024-02-12,2024-02-18,Headache,0
2024-W07,2024-02-12,2024-02-18,Respiratory,0
2024-W07,2024-02-12,2024-02-18,Wound/Injury,0
2024-W08,2024-02-19,2024-02-25,Allergy,0
2024-W08,2024-02-19,2024-02-25,Blood Pressure,0
2024-W08,2024-02-19,2024-02-25,Body Pain,0
2024-W08,2024-02-19,2024-02-25,Dental,0
2024-W08,2024-02-19,2024-02-25,Dizziness,0
2024-W08,2024-02-19,2024-02-25,Dysmenorrhea,0
2024-W08,2024-02-19,2024-02-25,Fever,0
2024-W08,2024-02-19,2024-02-25,Gastrointestinal,0
2024-W08,2024-02-19,2024-02-25,Headache,0
2024-W08,2024-02-19,2024-02-25,Respiratory,0
2024-W08,2024-02-19,2024-02-25,Wound/Injury,0
2024-W09,2024-02-26,2024-03-03,Allergy,0
2024-W09,2024-02-26,2024-03-03,Blood Pressure,0
2024-W09,2024-02-26,2024-03-03,Body Pain,0
2024-W09,2024-02-26,2024-03-03,Dental,0
2024-W09,2024-02-26,2024-03-03,Dizziness,0
2024-W09,2024-02-26,2024-03-03,Dysmenorrhea,0
2024-W09,2024-02-26,2024-03-03,Fever,0
2024-W09,2024-02-26,2024-03-03,Gastrointestinal,0
2024-W09,2024-02-26,2024-03-03,Headache,2
2024-W09,2024-02-26,2024-03-03,Respiratory,0
2024-W09,2024-02-26,2024-03-03,Wound/Injury,0
2024-W10,2024-03-04,2024-03-10,Allergy,0
2024-W10,2024-03-04,2024-03-10,Blood Pressure,0
2024-W10,2024-03-04,2024-03-10,Body Pain,5
2024-W10,2024-03-04,2024-03-10,Dental,3
2024-W10,2024-03-04,2024-03-10,Dizziness,2
2024-W10,2024-03-04,2024-03-10,Dysmenorrhea,0
2024-W10,2024-03-04,2024-03-10,Fever,1
2024-W10,2024-03-04,2024-03-10,Gastrointestinal,2
2024-W10,2024-03-04,2024-03-10,Headache,2
2024-W10,2024-03-04,2024-03-10,Respiratory,1
2024-W10,2024-03-04,2024-03-10,Wound/Injury,0
2024-W11,2024-03-11,2024-03-17,Allergy,4
2024-W11,2024-03-11,2024-03-17,Blood Pressure,1
2024-W11,2024-03-11,2024-03-17,Body Pain,3
2024-W11,2024-03-11,2024-03-17,Dental,1
2024-W11,2024-03-11,2024-03-17,Dizziness,1
2024-W11,2024-03-11,2024-03-17,Dysmenorrhea,2
2024-W11,2024-03-11,2024-03-17,Fever,0
2024-W11,2024-03-11,2024-03-17,Gastrointestinal,3
2024-W11,2024-03-11,2024-03-17,Headache,2
2024-W11,2024-03-11,2024-03-17,Respiratory,1
2024-W11,2024-03-11,2024-03-17,Wound/Injury,1
2024-W12,2024-03-18,2024-03-24,Allergy,0
2024-W12,2024-03-18,2024-03-24,Blood Pressure,0
2024-W12,2024-03-18,2024-03-24,Body Pain,4
2024-W12,2024-03-18,2024-03-24,Dental,0
2024-W12,2024-03-18,2024-03-24,Dizziness,2
2024-W12,2024-03-18,2024-03-24,Dysmenorrhea,0
2024-W12,2024-03-18,2024-03-24,Fever,1
2024-W12,2024-03-18,2024-03-24,Gastrointestinal,2
2024-W12,2024-03-18,2024-03-24,Headache,3
2024-W12,2024-03-18,2024-03-24,Respiratory,3
2024-W12,2024-03-18,2024-03-24,Wound/Injury,1
2024-W13,2024-03-25,2024-03-31,Allergy,2
2024-W13,2024-03-25,2024-03-31,Blood Pressure,1
2024-W13,2024-03-25,2024-03-31,Body Pain,3
2024-W13,2024-03-25,2024-03-31,Dental,0
2024-W13,2024-03-25,2024-03-31,Dizziness,1
2024-W13,2024-03-25,2024-03-31,Dysmenorrhea,1
2024-W13,2024-03-25,2024-03-31,Fever,0
2024-W13,2024-03-25,2024-03-31,Gastrointestinal,1
2024-W13,2024-03-25,2024-03-31,Headache,0
2024-W13,2024-03-25,2024-03-31,Respiratory,2
2024-W13,2024-03-25,2024-03-31,Wound/Injury,0
2024-W14,2024-04-01,2024-04-07,Allergy,0
2024-W14,2024-04-01,2024-04-07,Blood Pressure,0
2024-W14,2024-04-01,2024-04-07,Body Pain,4
2024-W14,2024-04-01,2024-04-07,Dental,1
2024-W14,2024-04-01,2024-04-07,Dizziness,1
2024-W14,2024-04-01,2024-04-07,Dysmenorrhea,0
2024-W14,2024-04-01,2024-04-07,Fever,0
2024-W14,2024-04-01,2024-04-07,Gastrointestinal,2
2024-W14,2024-04-01,2024-04-07,Headache,2
2024-W14,2024-04-01,2024-04-07,Respiratory,1
2024-W14,2024-04-01,2024-04-07,Wound/Injury,1
2024-W15,2024-04-08,2024-04-14,Allergy,0
2024-W15,2024-04-08,2024-04-14,Blood Pressure,0
2024-W15,2024-04-08,2024-04-14,Body Pain,1
2024-W15,2024-04-08,2024-04-14,Dental,1
2024-W15,2024-04-08,2024-04-14,Dizziness,1
2024-W15,2024-04-08,2024-04-14,Dysmenorrhea,0
2024-W15,2024-04-08,2024-04-14,Fever,0
2024-W15,2024-04-08,2024-04-14,Gastrointestinal,2
2024-W15,2024-04-08,2024-04-14,Headache,0
2024-W15,2024-04-08,2024-04-14,Respiratory,2
2024-W15,2024-04-08,2024-04-14,Wound/Injury,0
2024-W16,2024-04-15,2024-04-21,Allergy,1
2024-W16,2024-04-15,2024-04-21,Blood Pressure,0
2024-W16,2024-04-15,2024-04-21,Body Pain,1
2024-W16,2024-04-15,2024-04-21,Dental,2
2024-W16,2024-04-15,2024-04-21,Dizziness,2
2024-W16,2024-04-15,2024-04-21,Dysmenorrhea,0
2024-W16,2024-04-15,2024-04-21,Fever,3
2024-W16,2024-04-15,2024-04-21,Gastrointestinal,1
2024-W16,2024-04-15,2024-04-21,Headache,2
2024-W16,2024-04-15,2024-04-21,Respiratory,2
2024-W16,2024-04-15,2024-04-21,Wound/Injury,0
2024-W17,2024-04-22,2024-04-28,Allergy,1
2024-W17,2024-04-22,2024-04-28,Blood Pressure,1
2024-W17,2024-04-22,2024-04-28,Body Pain,5
2024-W17,2024-04-22,2024-04-28,Dental,1
2024-W17,2024-04-22,2024-04-28,Dizziness,0
2024-W17,2024-04-22,2024-04-28,Dysmenorrhea,0
2024-W17,2024-04-22,2024-04-28,Fever,1
2024-W17,2024-04-22,2024-04-28,Gastrointestinal,2
2024-W17,2024-04-22,2024-04-28,Headache,3
2024-W17,2024-04-22,2024-04-28,Respiratory,4
2024-W17,2024-04-22,2024-04-28,Wound/Injury,0
2024-W18,2024-04-29,2024-05-05,Allergy,0
2024-W18,2024-04-29,2024-05-05,Blood Pressure,0
2024-W18,2024-04-29,2024-05-05,Body Pain,3
2024-W18,2024-04-29,2024-05-05,Dental,0
2024-W18,2024-04-29,2024-05-05,Dizziness,0
2024-W18,2024-04-29,2024-05-05,Dysmenorrhea,1
2024-W18,2024-04-29,2024-05-05,Fever,0
2024-W18,2024-04-29,2024-05-05,Gastrointestinal,1
2024-W18,2024-04-29,2024-05-05,Headache,2
2024-W18,2024-04-29,2024-05-05,Respiratory,3
2024-W18,2024-04-29,2024-05-05,Wound/Injury,1
2024-W19,2024-05-06,2024-05-12,Allergy,1
2024-W19,2024-05-06,2024-05-12,Blood Pressure,1
2024-W19,2024-05-06,2024-05-12,Body Pain,2
2024-W19,2024-05-06,2024-05-12,Dental,2
2024-W19,2024-05-06,2024-05-12,Dizziness,1
2024-W19,2024-05-06,2024-05-12,Dysmenorrhea,0
2024-W19,2024-05-06,2024-05-12,Fever,1
2024-W19,2024-05-06,2024-05-12,Gastrointestinal,3
2024-W19,2024-05-06,2024-05-12,Headache,0
2024-W19,2024-05-06,2024-05-12,Respiratory,2
2024-W19,2024-05-06,2024-05-12,Wound/Injury,0
2024-W20,2024-05-13,2024-05-19,Allergy,0
2024-W20,2024-05-13,2024-05-19,Blood Pressure,1
2024-W20,2024-05-13,2024-05-19,Body Pain,2
2024-W20,2024-05-13,2024-05-19,Dental,0
2024-W20,2024-05-13,2024-05-19,Dizziness,2
2024-W20,2024-05-13,2024-05-19,Dysmenorrhea,0
2024-W20,2024-05-13,2024-05-19,Fever,1
2024-W20,2024-05-13,2024-05-19,Gastrointestinal,1
2024-W20,2024-05-13,2024-05-19,Headache,4
2024-W20,2024-05-13,2024-05-19,Respiratory,1
2024-W20,2024-05-13,2024-05-19,Wound/Injury,1
2024-W21,2024-05-20,2024-05-26,Allergy,0
2024-W21,2024-05-20,2024-05-26,Blood Pressure,0
2024-W21,2024-05-20,2024-05-26,Body Pain,0
2024-W21,2024-05-20,2024-05-26,Dental,0
2024-W21,2024-05-20,2024-05-26,Dizziness,0
2024-W21,2024-05-20,2024-05-26,Dysmenorrhea,0
2024-W21,2024-05-20,2024-05-26,Fever,0
2024-W21,2024-05-20,2024-05-26,Gastrointestinal,0
2024-W21,2024-05-20,2024-05-26,Headache,0
2024-W21,2024-05-20,2024-05-26,Respiratory,0
2024-W21,2024-05-20,2024-05-26,Wound/Injury,0
2024-W22,2024-05-27,2024-06-02,Allergy,0
2024-W22,2024-05-27,2024-06-02,Blood Pressure,0
2024-W22,2024-05-27,2024-06-02,Body Pain,0
2024-W22,2024-05-27,2024-06-02,Dental,0
2024-W22,2024-05-27,2024-06-02,Dizziness,0
2024-W22,2024-05-27,2024-06-02,Dysmenorrhea,0
2024-W22,2024-05-27,2024-06-02,Fever,0
2024-W22,2024-05-27,2024-06-02,Gastrointestinal,0
2024-W22,2024-05-27,2024-06-02,Headache,0
2024-W22,2024-05-27,2024-06-02,Respiratory,0
2024-W22,2024-05-27,2024-06-02,Wound/Injury,0
2024-W23,2024-06-03,2024-06-09,Allergy,3
2024-W23,2024-06-03,2024-06-09,Blood Pressure,0
2024-W23,2024-06-03,2024-06-09,Body Pain,5
2024-W23,2024-06-03,2024-06-09,Dental,6
2024-W23,2024-06-03,2024-06-09,Dizziness,0
2024-W23,2024-06-03,2024-06-09,Dysmenorrhea,0
2024-W23,2024-06-03,2024-06-09,Fever,1
2024-W23,2024-06-03,2024-06-09,Gastrointestinal,3
2024-W23,2024-06-03,2024-06-09,Headache,5
2024-W23,2024-06-03,2024-06-09,Respiratory,3
2024-W23,2024-06-03,2024-06-09,Wound/Injury,0
2024-W24,2024-06-10,2024-06-16,Allergy,0
2024-W24,2024-06-10,2024-06-16,Blood Pressure,0
2024-W24,2024-06-10,2024-06-16,Body Pain,3
2024-W24,2024-06-10,2024-06-16,Dental,0
2024-W24,2024-06-10,2024-06-16,Dizziness,1
2024-W24,2024-06-10,2024-06-16,Dysmenorrhea,0
2024-W24,2024-06-10,2024-06-16,Fever,3
2024-W24,2024-06-10,2024-06-16,Gastrointestinal,4
2024-W24,2024-06-10,2024-06-16,Headache,3
2024-W24,2024-06-10,2024-06-16,Respiratory,3
2024-W24,2024-06-10,2024-06-16,Wound/Injury,0
2024-W25,2024-06-17,2024-06-23,Allergy,0
2024-W25,2024-06-17,2024-06-23,Blood Pressure,0
2024-W25,2024-06-17,2024-06-23,Body Pain,0
2024-W25,2024-06-17,2024-06-23,Dental,0
2024-W25,2024-06-17,2024-06-23,Dizziness,0
2024-W25,2024-06-17,2024-06-23,Dysmenorrhea,0
2024-W25,2024-06-17,2024-06-23,Fever,0
2024-W25,2024-06-17,2024-06-23,Gastrointestinal,0
2024-W25,2024-06-17,2024-06-23,Headache,0
2024-W25,2024-06-17,2024-06-23,Respiratory,0
2024-W25,2024-06-17,2024-06-23,Wound/Injury,0
2024-W26,2024-06-24,2024-06-30,Allergy,8
2024-W26,2024-06-24,2024-06-30,Blood Pressure,1
2024-W26,2024-06-24,2024-06-30,Body Pain,6
2024-W26,2024-06-24,2024-06-30,Dental,8
2024-W26,2024-06-24,2024-06-30,Dizziness,3
2024-W26,2024-06-24,2024-06-30,Dysmenorrhea,6
2024-W26,2024-06-24,2024-06-30,Fever,3
2024-W26,2024-06-24,2024-06-30,Gastrointestinal,7
2024-W26,2024-06-24,2024-06-30,Headache,24
2024-W26,2024-06-24,2024-06-30,Respiratory,22
2024-W26,2024-06-24,2024-06-30,Wound/Injury,8
2024-W27,2024-07-01,2024-07-07,Allergy,0
2024-W27,2024-07-01,2024-07-07,Blood Pressure,0
2024-W27,2024-07-01,2024-07-07,Body Pain,0
2024-W27,2024-07-01,2024-07-07,Dental,0
2024-W27,2024-07-01,2024-07-07,Dizziness,0
2024-W27,2024-07-01,2024-07-07,Dysmenorrhea,0
2024-W27,2024-07-01,2024-07-07,Fever,0
2024-W27,2024-07-01,2024-07-07,Gastrointestinal,0
2024-W27,2024-07-01,2024-07-07,Headache,0
2024-W27,2024-07-01,2024-07-07,Respiratory,0
2024-W27,2024-07-01,2024-07-07,Wound/Injury,0
2024-W28,2024-07-08,2024-07-14,Allergy,0
2024-W28,2024-07-08,2024-07-14,Blood Pressure,1
2024-W28,2024-07-08,2024-07-14,Body Pain,1
2024-W28,2024-07-08,2024-07-14,Dental,0
2024-W28,2024-07-08,2024-07-14,Dizziness,0
2024-W28,2024-07-08,2024-07-14,Dysmenorrhea,0
2024-W28,2024-07-08,2024-07-14,Fever,0
2024-W28,2024-07-08,2024-07-14,Gastrointestinal,0
2024-W28,2024-07-08,2024-07-14,Headache,1
2024-W28,2024-07-08,2024-07-14,Respiratory,0
2024-W28,2024-07-08,2024-07-14,Wound/Injury,0
2024-W29,2024-07-15,2024-07-21,Allergy,1
2024-W29,2024-07-15,2024-07-21,Blood Pressure,0
2024-W29,2024-07-15,2024-07-21,Body Pain,0
2024-W29,2024-07-15,2024-07-21,Dental,1
2024-W29,2024-07-15,2024-07-21,Dizziness,2
2024-W29,2024-07-15,2024-07-21,Dysmenorrhea,0
2024-W29,2024-07-15,2024-07-21,Fever,1
2024-W29,2024-07-15,2024-07-21,Gastrointestinal,1
2024-W29,2024-07-15,2024-07-21,Headache,0
2024-W29,2024-07-15,2024-07-21,Respiratory,1
2024-W29,2024-07-15,2024-07-21,Wound/Injury,1
2024-W30,2024-07-22,2024-07-28,Allergy,0
2024-W30,2024-07-22,2024-07-28,Blood Pressure,0
2024-W30,2024-07-22,2024-07-28,Body Pain,0
2024-W30,2024-07-22,2024-07-28,Dental,0
2024-W30,2024-07-22,2024-07-28,Dizziness,0
2024-W30,2024-07-22,2024-07-28,Dysmenorrhea,0
2024-W30,2024-07-22,2024-07-28,Fever,0
2024-W30,2024-07-22,2024-07-28,Gastrointestinal,0
2024-W30,2024-07-22,2024-07-28,Headache,0
2024-W30,2024-07-22,2024-07-28,Respiratory,0
2024-W30,2024-07-22,2024-07-28,Wound/Injury,0
2024-W31,2024-07-29,2024-08-04,Allergy,0
2024-W31,2024-07-29,2024-08-04,Blood Pressure,0
2024-W31,2024-07-29,2024-08-04,Body Pain,0
2024-W31,2024-07-29,2024-08-04,Dental,0
2024-W31,2024-07-29,2024-08-04,Dizziness,0
2024-W31,2024-07-29,2024-08-04,Dysmenorrhea,0
2024-W31,2024-07-29,2024-08-04,Fever,0
2024-W31,2024-07-29,2024-08-04,Gastrointestinal,0
2024-W31,2024-07-29,2024-08-04,Headache,0
2024-W31,2024-07-29,2024-08-04,Respiratory,0
2024-W31,2024-07-29,2024-08-04,Wound/Injury,0
2024-W32,2024-08-05,2024-08-11,Allergy,0
2024-W32,2024-08-05,2024-08-11,Blood Pressure,1
2024-W32,2024-08-05,2024-08-11,Body Pain,0
2024-W32,2024-08-05,2024-08-11,Dental,0
2024-W32,2024-08-05,2024-08-11,Dizziness,0
2024-W32,2024-08-05,2024-08-11,Dysmenorrhea,0
2024-W32,2024-08-05,2024-08-11,Fever,0
2024-W32,2024-08-05,2024-08-11,Gastrointestinal,1
2024-W32,2024-08-05,2024-08-11,Headache,1
2024-W32,2024-08-05,2024-08-11,Respiratory,1
2024-W32,2024-08-05,2024-08-11,Wound/Injury,0
2024-W33,2024-08-12,2024-08-18,Allergy,0
2024-W33,2024-08-12,2024-08-18,Blood Pressure,2
2024-W33,2024-08-12,2024-08-18,Body Pain,2
2024-W33,2024-08-12,2024-08-18,Dental,3
2024-W33,2024-08-12,2024-08-18,Dizziness,1
2024-W33,2024-08-12,2024-08-18,Dysmenorrhea,1
2024-W33,2024-08-12,2024-08-18,Fever,0
2024-W33,2024-08-12,2024-08-18,Gastrointestinal,3
2024-W33,2024-08-12,2024-08-18,Headache,1
2024-W33,2024-08-12,2024-08-18,Respiratory,7
2024-W33,2024-08-12,2024-08-18,Wound/Injury,3
2024-W34,2024-08-19,2024-08-25,Allergy,1
2024-W34,2024-08-19,2024-08-25,Blood Pressure,0
2024-W34,2024-08-19,2024-08-25,Body Pain,1
2024-W34,2024-08-19,2024-08-25,Dental,1
2024-W34,2024-08-19,2024-08-25,Dizziness,1
2024-W34,2024-08-19,2024-08-25,Dysmenorrhea,0
2024-W34,2024-08-19,2024-08-25,Fever,0
2024-W34,2024-08-19,2024-08-25,Gastrointestinal,0
2024-W34,2024-08-19,2024-08-25,Headache,0
2024-W34,2024-08-19,2024-08-25,Respiratory,2
2024-W34,2024-08-19,2024-08-25,Wound/Injury,0
2024-W35,2024-08-26,2024-09-01,Allergy,0
2024-W35,2024-08-26,2024-09-01,Blood Pressure,0
2024-W35,2024-08-26,2024-09-01,Body Pain,0
2024-W35,2024-08-26,2024-09-01,Dental,0
2024-W35,2024-08-26,2024-09-01,Dizziness,0
2024-W35,2024-08-26,2024-09-01,Dysmenorrhea,0
2024-W35,2024-08-26,2024-09-01,Fever,0
2024-W35,2024-08-26,2024-09-01,Gastrointestinal,0
2024-W35,2024-08-26,2024-09-01,Headache,0
2024-W35,2024-08-26,2024-09-01,Respiratory,4
2024-W35,2024-08-26,2024-09-01,Wound/Injury,1
2024-W36,2024-09-02,2024-09-08,Allergy,2
2024-W36,2024-09-02,2024-09-08,Blood Pressure,2
2024-W36,2024-09-02,2024-09-08,Body Pain,6
2024-W36,2024-09-02,2024-09-08,Dental,7
2024-W36,2024-09-02,2024-09-08,Dizziness,1
2024-W36,2024-09-02,2024-09-08,Dysmenorrhea,3
2024-W36,2024-09-02,2024-09-08,Fever,3
2024-W36,2024-09-02,2024-09-08,Gastrointestinal,7
2024-W36,2024-09-02,2024-09-08,Headache,5
2024-W36,2024-09-02,2024-09-08,Respiratory,8
2024-W36,2024-09-02,2024-09-08,Wound/Injury,2
2024-W37,2024-09-09,2024-09-15,Allergy,0
2024-W37,2024-09-09,2024-09-15,Blood Pressure,4
2024-W37,2024-09-09,2024-09-15,Body Pain,5
2024-W37,2024-09-09,2024-09-15,Dental,1
2024-W37,2024-09-09,2024-09-15,Dizziness,8
2024-W37,2024-09-09,2024-09-15,Dysmenorrhea,1
2024-W37,2024-09-09,2024-09-15,Fever,5
2024-W37,2024-09-09,2024-09-15,Gastrointestinal,7
2024-W37,2024-09-09,2024-09-15,Headache,5
2024-W37,2024-09-09,2024-09-15,Respiratory,11
2024-W37,2024-09-09,2024-09-15,Wound/Injury,2
2024-W38,2024-09-16,2024-09-22,Allergy,3
2024-W38,2024-09-16,2024-09-22,Blood Pressure,6
2024-W38,2024-09-16,2024-09-22,Body Pain,11
2024-W38,2024-09-16,2024-09-22,Dental,6
2024-W38,2024-09-16,2024-09-22,Dizziness,4
2024-W38,2024-09-16,2024-09-22,Dysmenorrhea,2
2024-W38,2024-09-16,2024-09-22,Fever,8
2024-W38,2024-09-16,2024-09-22,Gastrointestinal,10
2024-W38,2024-09-16,2024-09-22,Headache,8
2024-W38,2024-09-16,2024-09-22,Respiratory,24
2024-W38,2024-09-16,2024-09-22,Wound/Injury,5
2024-W39,2024-09-23,2024-09-29,Allergy,2
2024-W39,2024-09-23,2024-09-29,Blood Pressure,0
2024-W39,2024-09-23,2024-09-29,Body Pain,1
2024-W39,2024-09-23,2024-09-29,Dental,1
2024-W39,2024-09-23,2024-09-29,Dizziness,0
2024-W39,2024-09-23,2024-09-29,Dysmenorrhea,2
2024-W39,2024-09-23,2024-09-29,Fever,0
2024-W39,2024-09-23,2024-09-29,Gastrointestinal,5
2024-W39,2024-09-23,2024-09-29,Headache,38
2024-W39,2024-09-23,2024-09-29,Respiratory,18
2024-W39,2024-09-23,2024-09-29,Wound/Injury,1
2024-W40,2024-09-30,2024-10-06,Allergy,1
2024-W40,2024-09-30,2024-10-06,Blood Pressure,0
2024-W40,2024-09-30,2024-10-06,Body Pain,0
2024-W40,2024-09-30,2024-10-06,Dental,0
2024-W40,2024-09-30,2024-10-06,Dizziness,1
2024-W40,2024-09-30,2024-10-06,Dysmenorrhea,0
2024-W40,2024-09-30,2024-10-06,Fever,0
2024-W40,2024-09-30,2024-10-06,Gastrointestinal,1
2024-W40,2024-09-30,2024-10-06,Headache,0
2024-W40,2024-09-30,2024-10-06,Respiratory,3
2024-W40,2024-09-30,2024-10-06,Wound/Injury,0
2024-W41,2024-10-07,2024-10-13,Allergy,3
2024-W41,2024-10-07,2024-10-13,Blood Pressure,0
2024-W41,2024-10-07,2024-10-13,Body Pain,1
2024-W41,2024-10-07,2024-10-13,Dental,1
2024-W41,2024-10-07,2024-10-13,Dizziness,0
2024-W41,2024-10-07,2024-10-13,Dysmenorrhea,1
2024-W41,2024-10-07,2024-10-13,Fever,2
2024-W41,2024-10-07,2024-10-13,Gastrointestinal,1
2024-W41,2024-10-07,2024-10-13,Headache,0
2024-W41,2024-10-07,2024-10-13,Respiratory,6
2024-W41,2024-10-07,2024-10-13,Wound/Injury,1
2024-W42,2024-10-14,2024-10-20,Allergy,2
2024-W42,2024-10-14,2024-10-20,Blood Pressure,1
2024-W42,2024-10-14,2024-10-20,Body Pain,0
2024-W42,2024-10-14,2024-10-20,Dental,1
2024-W42,2024-10-14,2024-10-20,Dizziness,0
2024-W42,2024-10-14,2024-10-20,Dysmenorrhea,1
2024-W42,2024-10-14,2024-10-20,Fever,2
2024-W42,2024-10-14,2024-10-20,Gastrointestinal,3
2024-W42,2024-10-14,2024-10-20,Headache,0
2024-W42,2024-10-14,2024-10-20,Respiratory,4
2024-W42,2024-10-14,2024-10-20,Wound/Injury,0
2024-W43,2024-10-21,2024-10-27,Allergy,1
2024-W43,2024-10-21,2024-10-27,Blood Pressure,1
2024-W43,2024-10-21,2024-10-27,Body Pain,0
2024-W43,2024-10-21,2024-10-27,Dental,0
2024-W43,2024-10-21,2024-10-27,Dizziness,0
2024-W43,2024-10-21,2024-10-27,Dysmenorrhea,0
2024-W43,2024-10-21,2024-10-27,Fever,3
2024-W43,2024-10-21,2024-10-27,Gastrointestinal,1
2024-W43,2024-10-21,2024-10-27,Headache,2
2024-W43,2024-10-21,2024-10-27,Respiratory,3
2024-W43,2024-10-21,2024-10-27,Wound/Injury,0
2024-W44,2024-10-28,2024-11-03,Allergy,4
2024-W44,2024-10-28,2024-11-03,Blood Pressure,0
2024-W44,2024-10-28,2024-11-03,Body Pain,1
2024-W44,2024-10-28,2024-11-03,Dental,0
2024-W44,2024-10-28,2024-11-03,Dizziness,0
2024-W44,2024-10-28,2024-11-03,Dysmenorrhea,0
2024-W44,2024-10-28,2024-11-03,Fever,0
2024-W44,2024-10-28,2024-11-03,Gastrointestinal,1
2024-W44,2024-10-28,2024-11-03,Headache,3
2024-W44,2024-10-28,2024-11-03,Respiratory,5
2024-W44,2024-10-28,2024-11-03,Wound/Injury,0
2024-W45,2024-11-04,2024-11-10,Allergy,0
2024-W45,2024-11-04,2024-11-10,Blood Pressure,0
2024-W45,2024-11-04,2024-11-10,Body Pain,0
2024-W45,2024-11-04,2024-11-10,Dental,0
2024-W45,2024-11-04,2024-11-10,Dizziness,0
2024-W45,2024-11-04,2024-11-10,Dysmenorrhea,2
2024-W45,2024-11-04,2024-11-10,Fever,0
2024-W45,2024-11-04,2024-11-10,Gastrointestinal,3
2024-W45,2024-11-04,2024-11-10,Headache,2
2024-W45,2024-11-04,2024-11-10,Respiratory,7
2024-W45,2024-11-04,2024-11-10,Wound/Injury,1
2024-W46,2024-11-11,2024-11-17,Allergy,4
2024-W46,2024-11-11,2024-11-17,Blood Pressure,0
2024-W46,2024-11-11,2024-11-17,Body Pain,1
2024-W46,2024-11-11,2024-11-17,Dental,0
2024-W46,2024-11-11,2024-11-17,Dizziness,0
2024-W46,2024-11-11,2024-11-17,Dysmenorrhea,1
2024-W46,2024-11-11,2024-11-17,Fever,0
2024-W46,2024-11-11,2024-11-17,Gastrointestinal,1
2024-W46,2024-11-11,2024-11-17,Headache,11
2024-W46,2024-11-11,2024-11-17,Respiratory,14
2024-W46,2024-11-11,2024-11-17,Wound/Injury,4
2024-W47,2024-11-18,2024-11-24,Allergy,1
2024-W47,2024-11-18,2024-11-24,Blood Pressure,0
2024-W47,2024-11-18,2024-11-24,Body Pain,0
2024-W47,2024-11-18,2024-11-24,Dental,1
2024-W47,2024-11-18,2024-11-24,Dizziness,0
2024-W47,2024-11-18,2024-11-24,Dysmenorrhea,1
2024-W47,2024-11-18,2024-11-24,Fever,2
2024-W47,2024-11-18,2024-11-24,Gastrointestinal,8
2024-W47,2024-11-18,2024-11-24,Headache,14
2024-W47,2024-11-18,2024-11-24,Respiratory,12
2024-W47,2024-11-18,2024-11-24,Wound/Injury,0
2024-W48,2024-11-25,2024-12-01,Allergy,2
2024-W48,2024-11-25,2024-12-01,Blood Pressure,0
2024-W48,2024-11-25,2024-12-01,Body Pain,3
2024-W48,2024-11-25,2024-12-01,Dental,2
2024-W48,2024-11-25,2024-12-01,Dizziness,2
2024-W48,2024-11-25,2024-12-01,Dysmenorrhea,0
2024-W48,2024-11-25,2024-12-01,Fever,2
2024-W48,2024-11-25,2024-12-01,Gastrointestinal,1
2024-W48,2024-11-25,2024-12-01,Headache,9
2024-W48,2024-11-25,2024-12-01,Respiratory,12
2024-W48,2024-11-25,2024-12-01,Wound/Injury,1
2024-W49,2024-12-02,2024-12-08,Allergy,1
2024-W49,2024-12-02,2024-12-08,Blood Pressure,1
2024-W49,2024-12-02,2024-12-08,Body Pain,2
2024-W49,2024-12-02,2024-12-08,Dental,2
2024-W49,2024-12-02,2024-12-08,Dizziness,4
2024-W49,2024-12-02,2024-12-08,Dysmenorrhea,2
2024-W49,2024-12-02,2024-12-08,Fever,2
2024-W49,2024-12-02,2024-12-08,Gastrointestinal,5
2024-W49,2024-12-02,2024-12-08,Headache,1
2024-W49,2024-12-02,2024-12-08,Respiratory,5
2024-W49,2024-12-02,2024-12-08,Wound/Injury,1
2024-W50,2024-12-09,2024-12-15,Allergy,1
2024-W50,2024-12-09,2024-12-15,Blood Pressure,5
2024-W50,2024-12-09,2024-12-15,Body Pain,3
2024-W50,2024-12-09,2024-12-15,Dental,3
2024-W50,2024-12-09,2024-12-15,Dizziness,1
2024-W50,2024-12-09,2024-12-15,Dysmenorrhea,1
2024-W50,2024-12-09,2024-12-15,Fever,2
2024-W50,2024-12-09,2024-12-15,Gastrointestinal,6
2024-W50,2024-12-09,2024-12-15,Headache,3
2024-W50,2024-12-09,2024-12-15,Respiratory,8
2024-W50,2024-12-09,2024-12-15,Wound/Injury,6
2024-W51,2024-12-16,2024-12-22,Allergy,1
2024-W51,2024-12-16,2024-12-22,Blood Pressure,1
2024-W51,2024-12-16,2024-12-22,Body Pain,1
2024-W51,2024-12-16,2024-12-22,Dental,0
2024-W51,2024-12-16,2024-12-22,Dizziness,2
2024-W51,2024-12-16,2024-12-22,Dysmenorrhea,0
2024-W51,2024-12-16,2024-12-22,Fever,0
2024-W51,2024-12-16,2024-12-22,Gastrointestinal,3
2024-W51,2024-12-16,2024-12-22,Headache,1
2024-W51,2024-12-16,2024-12-22,Respiratory,3
2024-W51,2024-12-16,2024-12-22,Wound/Injury,0
2024-W52,2024-12-23,2024-12-29,Allergy,0
2024-W52,2024-12-23,2024-12-29,Blood Pressure,0
2024-W52,2024-12-23,2024-12-29,Body Pain,0
2024-W52,2024-12-23,2024-12-29,Dental,0
2024-W52,2024-12-23,2024-12-29,Dizziness,0
2024-W52,2024-12-23,2024-12-29,Dysmenorrhea,0
2024-W52,2024-12-23,2024-12-29,Fever,0
2024-W52,2024-12-23,2024-12-29,Gastrointestinal,0
2024-W52,2024-12-23,2024-12-29,Headache,0
2024-W52,2024-12-23,2024-12-29,Respiratory,1
2024-W52,2024-12-23,2024-12-29,Wound/Injury,0
2025-W01,2024-12-30,2025-01-05,Allergy,0
2025-W01,2024-12-30,2025-01-05,Blood Pressure,0
2025-W01,2024-12-30,2025-01-05,Body Pain,0
2025-W01,2024-12-30,2025-01-05,Dental,0
2025-W01,2024-12-30,2025-01-05,Dizziness,0
2025-W01,2024-12-30,2025-01-05,Dysmenorrhea,0
2025-W01,2024-12-30,2025-01-05,Fever,0
2025-W01,2024-12-30,2025-01-05,Gastrointestinal,0
2025-W01,2024-12-30,2025-01-05,Headache,0
2025-W01,2024-12-30,2025-01-05,Respiratory,0
2025-W01,2024-12-30,2025-01-05,Wound/Injury,0
2025-W02,2025-01-06,2025-01-12,Allergy,0
2025-W02,2025-01-06,2025-01-12,Blood Pressure,1
2025-W02,2025-01-06,2025-01-12,Body Pain,3
2025-W02,2025-01-06,2025-01-12,Dental,1
2025-W02,2025-01-06,2025-01-12,Dizziness,0
2025-W02,2025-01-06,2025-01-12,Dysmenorrhea,0
2025-W02,2025-01-06,2025-01-12,Fever,1
2025-W02,2025-01-06,2025-01-12,Gastrointestinal,4
2025-W02,2025-01-06,2025-01-12,Headache,1
2025-W02,2025-01-06,2025-01-12,Respiratory,1
2025-W02,2025-01-06,2025-01-12,Wound/Injury,1
2025-W03,2025-01-13,2025-01-19,Allergy,2
2025-W03,2025-01-13,2025-01-19,Blood Pressure,0
2025-W03,2025-01-13,2025-01-19,Body Pain,4
2025-W03,2025-01-13,2025-01-19,Dental,1
2025-W03,2025-01-13,2025-01-19,Dizziness,2
2025-W03,2025-01-13,2025-01-19,Dysmenorrhea,1
2025-W03,2025-01-13,2025-01-19,Fever,2
2025-W03,2025-01-13,2025-01-19,Gastrointestinal,2
2025-W03,2025-01-13,2025-01-19,Headache,2
2025-W03,2025-01-13,2025-01-19,Respiratory,2
2025-W03,2025-01-13,2025-01-19,Wound/Injury,2
2025-W04,2025-01-20,2025-01-26,Allergy,1
2025-W04,2025-01-20,2025-01-26,Blood Pressure,1
2025-W04,2025-01-20,2025-01-26,Body Pain,4
2025-W04,2025-01-20,2025-01-26,Dental,3
2025-W04,2025-01-20,2025-01-26,Dizziness,1
2025-W04,2025-01-20,2025-01-26,Dysmenorrhea,2
2025-W04,2025-01-20,2025-01-26,Fever,0
2025-W04,2025-01-20,2025-01-26,Gastrointestinal,4
2025-W04,2025-01-20,2025-01-26,Headache,1
2025-W04,2025-01-20,2025-01-26,Respiratory,1
2025-W04,2025-01-20,2025-01-26,Wound/Injury,1
2025-W05,2025-01-27,2025-02-02,Allergy,0
2025-W05,2025-01-27,2025-02-02,Blood Pressure,0
2025-W05,2025-01-27,2025-02-02,Body Pain,3
2025-W05,2025-01-27,2025-02-02,Dental,0
2025-W05,2025-01-27,2025-02-02,Dizziness,1
2025-W05,2025-01-27,2025-02-02,Dysmenorrhea,2
2025-W05,2025-01-27,2025-02-02,Fever,2
2025-W05,2025-01-27,2025-02-02,Gastrointestinal,3
2025-W05,2025-01-27,2025-02-02,Headache,0
2025-W05,2025-01-27,2025-02-02,Respiratory,2
2025-W05,2025-01-27,2025-02-02,Wound/Injury,3
2025-W06,2025-02-03,2025-02-09,Allergy,1
2025-W06,2025-02-03,2025-02-09,Blood Pressure,1
2025-W06,2025-02-03,2025-02-09,Body Pain,0
2025-W06,2025-02-03,2025-02-09,Dental,1
2025-W06,2025-02-03,2025-02-09,Dizziness,1
2025-W06,2025-02-03,2025-02-09,Dysmenorrhea,1
2025-W06,2025-02-03,2025-02-09,Fever,0
2025-W06,2025-02-03,2025-02-09,Gastrointestinal,3
2025-W06,2025-02-03,2025-02-09,Headache,1
2025-W06,2025-02-03,2025-02-09,Respiratory,3
2025-W06,2025-02-03,2025-02-09,Wound/Injury,0
2025-W07,2025-02-10,2025-02-16,Allergy,2
2025-W07,2025-02-10,2025-02-16,Blood Pressure,1
2025-W07,2025-02-10,2025-02-16,Body Pain,2
2025-W07,2025-02-10,2025-02-16,Dental,1
2025-W07,2025-02-10,2025-02-16,Dizziness,2
2025-W07,2025-02-10,2025-02-16,Dysmenorrhea,0
2025-W07,2025-02-10,2025-02-16,Fever,1
2025-W07,2025-02-10,2025-02-16,Gastrointestinal,3
2025-W07,2025-02-10,2025-02-16,Headache,3
2025-W07,2025-02-10,2025-02-16,Respiratory,4
2025-W07,2025-02-10,2025-02-16,Wound/Injury,0
2025-W08,2025-02-17,2025-02-23,Allergy,1
2025-W08,2025-02-17,2025-02-23,Blood Pressure,0
2025-W08,2025-02-17,2025-02-23,Body Pain,3
2025-W08,2025-02-17,2025-02-23,Dental,1
2025-W08,2025-02-17,2025-02-23,Dizziness,0
2025-W08,2025-02-17,2025-02-23,Dysmenorrhea,3
2025-W08,2025-02-17,2025-02-23,Fever,0
2025-W08,2025-02-17,2025-02-23,Gastrointestinal,2
2025-W08,2025-02-17,2025-02-23,Headache,0
2025-W08,2025-02-17,2025-02-23,Respiratory,3
2025-W08,2025-02-17,2025-02-23,Wound/Injury,3
2025-W09,2025-02-24,2025-03-02,Allergy,0
2025-W09,2025-02-24,2025-03-02,Blood Pressure,0
2025-W09,2025-02-24,2025-03-02,Body Pain,1
2025-W09,2025-02-24,2025-03-02,Dental,1
2025-W09,2025-02-24,2025-03-02,Dizziness,0
2025-W09,2025-02-24,2025-03-02,Dysmenorrhea,0
2025-W09,2025-02-24,2025-03-02,Fever,2
2025-W09,2025-02-24,2025-03-02,Gastrointestinal,2
2025-W09,2025-02-24,2025-03-02,Headache,2
2025-W09,2025-02-24,2025-03-02,Respiratory,2
2025-W09,2025-02-24,2025-03-02,Wound/Injury,0
2025-W10,2025-03-03,2025-03-09,Allergy,0
2025-W10,2025-03-03,2025-03-09,Blood Pressure,1
2025-W10,2025-03-03,2025-03-09,Body Pain,5
2025-W10,2025-03-03,2025-03-09,Dental,0
2025-W10,2025-03-03,2025-03-09,Dizziness,0
2025-W10,2025-03-03,2025-03-09,Dysmenorrhea,1
2025-W10,2025-03-03,2025-03-09,Fever,0
2025-W10,2025-03-03,2025-03-09,Gastrointestinal,4
2025-W10,2025-03-03,2025-03-09,Headache,0
2025-W10,2025-03-03,2025-03-09,Respiratory,3
2025-W10,2025-03-03,2025-03-09,Wound/Injury,0
2025-W11,2025-03-10,2025-03-16,Allergy,1
2025-W11,2025-03-10,2025-03-16,Blood Pressure,0
2025-W11,2025-03-10,2025-03-16,Body Pain,4
2025-W11,2025-03-10,2025-03-16,Dental,1
2025-W11,2025-03-10,2025-03-16,Dizziness,2
2025-W11,2025-03-10,2025-03-16,Dysmenorrhea,1
2025-W11,2025-03-10,2025-03-16,Fever,1
2025-W11,2025-03-10,2025-03-16,Gastrointestinal,1
2025-W11,2025-03-10,2025-03-16,Headache,2
2025-W11,2025-03-10,2025-03-16,Respiratory,6
2025-W11,2025-03-10,2025-03-16,Wound/Injury,1
2025-W12,2025-03-17,2025-03-23,Allergy,1
2025-W12,2025-03-17,2025-03-23,Blood Pressure,1
2025-W12,2025-03-17,2025-03-23,Body Pain,4
2025-W12,2025-03-17,2025-03-23,Dental,0
2025-W12,2025-03-17,2025-03-23,Dizziness,2
2025-W12,2025-03-17,2025-03-23,Dysmenorrhea,0
2025-W12,2025-03-17,2025-03-23,Fever,1
2025-W12,2025-03-17,2025-03-23,Gastrointestinal,3
2025-W12,2025-03-17,2025-03-23,Headache,3
2025-W12,2025-03-17,2025-03-23,Respiratory,4
2025-W12,2025-03-17,2025-03-23,Wound/Injury,0
2025-W13,2025-03-24,2025-03-30,Allergy,0
2025-W13,2025-03-24,2025-03-30,Blood Pressure,1
2025-W13,2025-03-24,2025-03-30,Body Pain,1
2025-W13,2025-03-24,2025-03-30,Dental,0
2025-W13,2025-03-24,2025-03-30,Dizziness,3
2025-W13,2025-03-24,2025-03-30,Dysmenorrhea,0
2025-W13,2025-03-24,2025-03-30,Fever,1
2025-W13,2025-03-24,2025-03-30,Gastrointestinal,5
2025-W13,2025-03-24,2025-03-30,Headache,2
2025-W13,2025-03-24,2025-03-30,Respiratory,3
2025-W13,2025-03-24,2025-03-30,Wound/Injury,2
2025-W14,2025-03-31,2025-04-06,Allergy,8
2025-W14,2025-03-31,2025-04-06,Blood Pressure,0
2025-W14,2025-03-31,2025-04-06,Body Pain,3
2025-W14,2025-03-31,2025-04-06,Dental,0
2025-W14,2025-03-31,2025-04-06,Dizziness,0
2025-W14,2025-03-31,2025-04-06,Dysmenorrhea,2
2025-W14,2025-03-31,2025-04-06,Fever,1
2025-W14,2025-03-31,2025-04-06,Gastrointestinal,0
2025-W14,2025-03-31,2025-04-06,Headache,5
2025-W14,2025-03-31,2025-04-06,Respiratory,4
2025-W14,2025-03-31,2025-04-06,Wound/Injury,1
2025-W15,2025-04-07,2025-04-13,Allergy,1
2025-W15,2025-04-07,2025-04-13,Blood Pressure,0
2025-W15,2025-04-07,2025-04-13,Body Pain,2
2025-W15,2025-04-07,2025-04-13,Dental,0
2025-W15,2025-04-07,2025-04-13,Dizziness,0
2025-W15,2025-04-07,2025-04-13,Dysmenorrhea,0
2025-W15,2025-04-07,2025-04-13,Fever,0
2025-W15,2025-04-07,2025-04-13,Gastrointestinal,4
2025-W15,2025-04-07,2025-04-13,Headache,14
2025-W15,2025-04-07,2025-04-13,Respiratory,5
2025-W15,2025-04-07,2025-04-13,Wound/Injury,0
2025-W16,2025-04-14,2025-04-20,Allergy,1
2025-W16,2025-04-14,2025-04-20,Blood Pressure,0
2025-W16,2025-04-14,2025-04-20,Body Pain,2
2025-W16,2025-04-14,2025-04-20,Dental,0
2025-W16,2025-04-14,2025-04-20,Dizziness,1
2025-W16,2025-04-14,2025-04-20,Dysmenorrhea,2
2025-W16,2025-04-14,2025-04-20,Fever,1
2025-W16,2025-04-14,2025-04-20,Gastrointestinal,2
2025-W16,2025-04-14,2025-04-20,Headache,4
2025-W16,2025-04-14,2025-04-20,Respiratory,5
2025-W16,2025-04-14,2025-04-20,Wound/Injury,0
2025-W17,2025-04-21,2025-04-27,Allergy,5
2025-W17,2025-04-21,2025-04-27,Blood Pressure,0
2025-W17,2025-04-21,2025-04-27,Body Pain,8
2025-W17,2025-04-21,2025-04-27,Dental,0
2025-W17,2025-04-21,2025-04-27,Dizziness,0
2025-W17,2025-04-21,2025-04-27,Dysmenorrhea,0
2025-W17,2025-04-21,2025-04-27,Fever,0
2025-W17,2025-04-21,2025-04-27,Gastrointestinal,1
2025-W17,2025-04-21,2025-04-27,Headache,6
2025-W17,2025-04-21,2025-04-27,Respiratory,5
2025-W17,2025-04-21,2025-04-27,Wound/Injury,2
2025-W18,2025-04-28,2025-05-04,Allergy,1
2025-W18,2025-04-28,2025-05-04,Blood Pressure,0
2025-W18,2025-04-28,2025-05-04,Body Pain,0
2025-W18,2025-04-28,2025-05-04,Dental,1
2025-W18,2025-04-28,2025-05-04,Dizziness,0
2025-W18,2025-04-28,2025-05-04,Dysmenorrhea,1
2025-W18,2025-04-28,2025-05-04,Fever,8
2025-W18,2025-04-28,2025-05-04,Gastrointestinal,1
2025-W18,2025-04-28,2025-05-04,Headache,6
2025-W18,2025-04-28,2025-05-04,Respiratory,7
2025-W18,2025-04-28,2025-05-04,Wound/Injury,2
2025-W19,2025-05-05,2025-05-11,Allergy,4
2025-W19,2025-05-05,2025-05-11,Blood Pressure,0
2025-W19,2025-05-05,2025-05-11,Body Pain,13
2025-W19,2025-05-05,2025-05-11,Dental,0
2025-W19,2025-05-05,2025-05-11,Dizziness,0
2025-W19,2025-05-05,2025-05-11,Dysmenorrhea,3
2025-W19,2025-05-05,2025-05-11,Fever,1
2025-W19,2025-05-05,2025-05-11,Gastrointestinal,6
2025-W19,2025-05-05,2025-05-11,Headache,7
2025-W19,2025-05-05,2025-05-11,Respiratory,17
2025-W19,2025-05-05,2025-05-11,Wound/Injury,2
2025-W20,2025-05-12,2025-05-18,Allergy,3
2025-W20,2025-05-12,2025-05-18,Blood Pressure,0
2025-W20,2025-05-12,2025-05-18,Body Pain,5
2025-W20,2025-05-12,2025-05-18,Dental,2
2025-W20,2025-05-12,2025-05-18,Dizziness,0
2025-W20,2025-05-12,2025-05-18,Dysmenorrhea,3
2025-W20,2025-05-12,2025-05-18,Fever,5
2025-W20,2025-05-12,2025-05-18,Gastrointestinal,3
2025-W20,2025-05-12,2025-05-18,Headache,12
2025-W20,2025-05-12,2025-05-18,Respiratory,12
2025-W20,2025-05-12,2025-05-18,Wound/Injury,3
2025-W21,2025-05-19,2025-05-25,Allergy,9
2025-W21,2025-05-19,2025-05-25,Blood Pressure,0
2025-W21,2025-05-19,2025-05-25,Body Pain,8
2025-W21,2025-05-19,2025-05-25,Dental,1
2025-W21,2025-05-19,2025-05-25,Dizziness,1
2025-W21,2025-05-19,2025-05-25,Dysmenorrhea,4
2025-W21,2025-05-19,2025-05-25,Fever,2
2025-W21,2025-05-19,2025-05-25,Gastrointestinal,10
2025-W21,2025-05-19,2025-05-25,Headache,26
2025-W21,2025-05-19,2025-05-25,Respiratory,13
2025-W21,2025-05-19,2025-05-25,Wound/Injury,6
2025-W22,2025-05-26,2025-06-01,Allergy,7
2025-W22,2025-05-26,2025-06-01,Blood Pressure,0
2025-W22,2025-05-26,2025-06-01,Body Pain,5
2025-W22,2025-05-26,2025-06-01,Dental,4
2025-W22,2025-05-26,2025-06-01,Dizziness,1
2025-W22,2025-05-26,2025-06-01,Dysmenorrhea,1
2025-W22,2025-05-26,2025-06-01,Fever,1
2025-W22,2025-05-26,2025-06-01,Gastrointestinal,3
2025-W22,2025-05-26,2025-06-01,Headache,7
2025-W22,2025-05-26,2025-06-01,Respiratory,5
2025-W22,2025-05-26,2025-06-01,Wound/Injury,5
2025-W23,2025-06-02,2025-06-08,Allergy,1
2025-W23,2025-06-02,2025-06-08,Blood Pressure,1
2025-W23,2025-06-02,2025-06-08,Body Pain,0
2025-W23,2025-06-02,2025-06-08,Dental,0
2025-W23,2025-06-02,2025-06-08,Dizziness,0
2025-W23,2025-06-02,2025-06-08,Dysmenorrhea,1
2025-W23,2025-06-02,2025-06-08,Fever,0
2025-W23,2025-06-02,2025-06-08,Gastrointestinal,0
2025-W23,2025-06-02,2025-06-08,Headache,1
2025-W23,2025-06-02,2025-06-08,Respiratory,2
2025-W23,2025-06-02,2025-06-08,Wound/Injury,0
2025-W24,2025-06-09,2025-06-15,Allergy,3
2025-W24,2025-06-09,2025-06-15,Blood Pressure,0
2025-W24,2025-06-09,2025-06-15,Body Pain,7
2025-W24,2025-06-09,2025-06-15,Dental,0
2025-W24,2025-06-09,2025-06-15,Dizziness,1
2025-W24,2025-06-09,2025-06-15,Dysmenorrhea,1
2025-W24,2025-06-09,2025-06-15,Fever,4
2025-W24,2025-06-09,2025-06-15,Gastrointestinal,4
2025-W24,2025-06-09,2025-06-15,Headache,3
2025-W24,2025-06-09,2025-06-15,Respiratory,5
2025-W24,2025-06-09,2025-06-15,Wound/Injury,0
2025-W25,2025-06-16,2025-06-22,Allergy,4
2025-W25,2025-06-16,2025-06-22,Blood Pressure,3
2025-W25,2025-06-16,2025-06-22,Body Pain,3
2025-W25,2025-06-16,2025-06-22,Dental,6
2025-W25,2025-06-16,2025-06-22,Dizziness,4
2025-W25,2025-06-16,2025-06-22,Dysmenorrhea,2
2025-W25,2025-06-16,2025-06-22,Fever,3
2025-W25,2025-06-16,2025-06-22,Gastrointestinal,2
2025-W25,2025-06-16,2025-06-22,Headache,4
2025-W25,2025-06-16,2025-06-22,Respiratory,16
2025-W25,2025-06-16,2025-06-22,Wound/Injury,6
2025-W26,2025-06-23,2025-06-29,Allergy,4
2025-W26,2025-06-23,2025-06-29,Blood Pressure,3
2025-W26,2025-06-23,2025-06-29,Body Pain,5
2025-W26,2025-06-23,2025-06-29,Dental,5
2025-W26,2025-06-23,2025-06-29,Dizziness,4
2025-W26,2025-06-23,2025-06-29,Dysmenorrhea,1
2025-W26,2025-06-23,2025-06-29,Fever,2
2025-W26,2025-06-23,2025-06-29,Gastrointestinal,9
2025-W26,2025-06-23,2025-06-29,Headache,6
2025-W26,2025-06-23,2025-06-29,Respiratory,12
2025-W26,2025-06-23,2025-06-29,Wound/Injury,5
2025-W27,2025-06-30,2025-07-06,Allergy,0
2025-W27,2025-06-30,2025-07-06,Blood Pressure,0
2025-W27,2025-06-30,2025-07-06,Body Pain,2
2025-W27,2025-06-30,2025-07-06,Dental,1
2025-W27,2025-06-30,2025-07-06,Dizziness,0
2025-W27,2025-06-30,2025-07-06,Dysmenorrhea,1
2025-W27,2025-06-30,2025-07-06,Fever,1
2025-W27,2025-06-30,2025-07-06,Gastrointestinal,2
2025-W27,2025-06-30,2025-07-06,Headache,1
2025-W27,2025-06-30,2025-07-06,Respiratory,2
2025-W27,2025-06-30,2025-07-06,Wound/Injury,3
2025-W28,2025-07-07,2025-07-13,Allergy,1
2025-W28,2025-07-07,2025-07-13,Blood Pressure,0
2025-W28,2025-07-07,2025-07-13,Body Pain,0
2025-W28,2025-07-07,2025-07-13,Dental,0
2025-W28,2025-07-07,2025-07-13,Dizziness,0
2025-W28,2025-07-07,2025-07-13,Dysmenorrhea,1
2025-W28,2025-07-07,2025-07-13,Fever,2
2025-W28,2025-07-07,2025-07-13,Gastrointestinal,1
2025-W28,2025-07-07,2025-07-13,Headache,2
2025-W28,2025-07-07,2025-07-13,Respiratory,3
2025-W28,2025-07-07,2025-07-13,Wound/Injury,3
2025-W29,2025-07-14,2025-07-20,Allergy,1
2025-W29,2025-07-14,2025-07-20,Blood Pressure,0
2025-W29,2025-07-14,2025-07-20,Body Pain,0
2025-W29,2025-07-14,2025-07-20,Dental,1
2025-W29,2025-07-14,2025-07-20,Dizziness,0
2025-W29,2025-07-14,2025-07-20,Dysmenorrhea,0
2025-W29,2025-07-14,2025-07-20,Fever,0
2025-W29,2025-07-14,2025-07-20,Gastrointestinal,0
2025-W29,2025-07-14,2025-07-20,Headache,2
2025-W29,2025-07-14,2025-07-20,Respiratory,1
2025-W29,2025-07-14,2025-07-20,Wound/Injury,0
2025-W30,2025-07-21,2025-07-27,Allergy,0
2025-W30,2025-07-21,2025-07-27,Blood Pressure,0
2025-W30,2025-07-21,2025-07-27,Body Pain,0
2025-W30,2025-07-21,2025-07-27,Dental,0
2025-W30,2025-07-21,2025-07-27,Dizziness,0
2025-W30,2025-07-21,2025-07-27,Dysmenorrhea,0
2025-W30,2025-07-21,2025-07-27,Fever,0
2025-W30,2025-07-21,2025-07-27,Gastrointestinal,0
2025-W30,2025-07-21,2025-07-27,Headache,0
2025-W30,2025-07-21,2025-07-27,Respiratory,0
2025-W30,2025-07-21,2025-07-27,Wound/Injury,0
2025-W31,2025-07-28,2025-08-03,Allergy,2
2025-W31,2025-07-28,2025-08-03,Blood Pressure,0
2025-W31,2025-07-28,2025-08-03,Body Pain,0
2025-W31,2025-07-28,2025-08-03,Dental,0
2025-W31,2025-07-28,2025-08-03,Dizziness,0
2025-W31,2025-07-28,2025-08-03,Dysmenorrhea,0
2025-W31,2025-07-28,2025-08-03,Fever,0
2025-W31,2025-07-28,2025-08-03,Gastrointestinal,0
2025-W31,2025-07-28,2025-08-03,Headache,0
2025-W31,2025-07-28,2025-08-03,Respiratory,0
2025-W31,2025-07-28,2025-08-03,Wound/Injury,0
2025-W32,2025-08-04,2025-08-10,Allergy,2
2025-W32,2025-08-04,2025-08-10,Blood Pressure,0
2025-W32,2025-08-04,2025-08-10,Body Pain,1
2025-W32,2025-08-04,2025-08-10,Dental,1
2025-W32,2025-08-04,2025-08-10,Dizziness,1
2025-W32,2025-08-04,2025-08-10,Dysmenorrhea,0
2025-W32,2025-08-04,2025-08-10,Fever,3
2025-W32,2025-08-04,2025-08-10,Gastrointestinal,0
2025-W32,2025-08-04,2025-08-10,Headache,1
2025-W32,2025-08-04,2025-08-10,Respiratory,7
2025-W32,2025-08-04,2025-08-10,Wound/Injury,0
2025-W33,2025-08-11,2025-08-17,Allergy,0
2025-W33,2025-08-11,2025-08-17,Blood Pressure,2
2025-W33,2025-08-11,2025-08-17,Body Pain,1
2025-W33,2025-08-11,2025-08-17,Dental,1
2025-W33,2025-08-11,2025-08-17,Dizziness,1
2025-W33,2025-08-11,2025-08-17,Dysmenorrhea,3
2025-W33,2025-08-11,2025-08-17,Fever,2
2025-W33,2025-08-11,2025-08-17,Gastrointestinal,2
2025-W33,2025-08-11,2025-08-17,Headache,0
2025-W33,2025-08-11,2025-08-17,Respiratory,5
2025-W33,2025-08-11,2025-08-17,Wound/Injury,1
2025-W34,2025-08-18,2025-08-24,Allergy,2
2025-W34,2025-08-18,2025-08-24,Blood Pressure,0
2025-W34,2025-08-18,2025-08-24,Body Pain,0
2025-W34,2025-08-18,2025-08-24,Dental,0
2025-W34,2025-08-18,2025-08-24,Dizziness,0
2025-W34,2025-08-18,2025-08-24,Dysmenorrhea,1
2025-W34,2025-08-18,2025-08-24,Fever,3
2025-W34,2025-08-18,2025-08-24,Gastrointestinal,2
2025-W34,2025-08-18,2025-08-24,Headache,0
2025-W34,2025-08-18,2025-08-24,Respiratory,4
2025-W34,2025-08-18,2025-08-24,Wound/Injury,0
2025-W35,2025-08-25,2025-08-31,Allergy,2
2025-W35,2025-08-25,2025-08-31,Blood Pressure,0
2025-W35,2025-08-25,2025-08-31,Body Pain,1
2025-W35,2025-08-25,2025-08-31,Dental,1
2025-W35,2025-08-25,2025-08-31,Dizziness,0
2025-W35,2025-08-25,2025-08-31,Dysmenorrhea,1
2025-W35,2025-08-25,2025-08-31,Fever,2
2025-W35,2025-08-25,2025-08-31,Gastrointestinal,1
2025-W35,2025-08-25,2025-08-31,Headache,0
2025-W35,2025-08-25,2025-08-31,Respiratory,1
2025-W35,2025-08-25,2025-08-31,Wound/Injury,0
2025-W36,2025-09-01,2025-09-07,Allergy,2
2025-W36,2025-09-01,2025-09-07,Blood Pressure,0
2025-W36,2025-09-01,2025-09-07,Body Pain,2
2025-W36,2025-09-01,2025-09-07,Dental,1
2025-W36,2025-09-01,2025-09-07,Dizziness,1
2025-W36,2025-09-01,2025-09-07,Dysmenorrhea,1
2025-W36,2025-09-01,2025-09-07,Fever,1
2025-W36,2025-09-01,2025-09-07,Gastrointestinal,0
2025-W36,2025-09-01,2025-09-07,Headache,0
2025-W36,2025-09-01,2025-09-07,Respiratory,1
2025-W36,2025-09-01,2025-09-07,Wound/Injury,2
2025-W37,2025-09-08,2025-09-14,Allergy,4
2025-W37,2025-09-08,2025-09-14,Blood Pressure,0
2025-W37,2025-09-08,2025-09-14,Body Pain,1
2025-W37,2025-09-08,2025-09-14,Dental,0
2025-W37,2025-09-08,2025-09-14,Dizziness,0
2025-W37,2025-09-08,2025-09-14,Dysmenorrhea,0
2025-W37,2025-09-08,2025-09-14,Fever,1
2025-W37,2025-09-08,2025-09-14,Gastrointestinal,1
2025-W37,2025-09-08,2025-09-14,Headache,1
2025-W37,2025-09-08,2025-09-14,Respiratory,1
2025-W37,2025-09-08,2025-09-14,Wound/Injury,0
2025-W38,2025-09-15,2025-09-21,Allergy,1
2025-W38,2025-09-15,2025-09-21,Blood Pressure,1
2025-W38,2025-09-15,2025-09-21,Body Pain,1
2025-W38,2025-09-15,2025-09-21,Dental,1
2025-W38,2025-09-15,2025-09-21,Dizziness,0
2025-W38,2025-09-15,2025-09-21,Dysmenorrhea,0
2025-W38,2025-09-15,2025-09-21,Fever,2
2025-W38,2025-09-15,2025-09-21,Gastrointestinal,1
2025-W38,2025-09-15,2025-09-21,Headache,1
2025-W38,2025-09-15,2025-09-21,Respiratory,5
2025-W38,2025-09-15,2025-09-21,Wound/Injury,0
2025-W39,2025-09-22,2025-09-28,Allergy,0
2025-W39,2025-09-22,2025-09-28,Blood Pressure,0
2025-W39,2025-09-22,2025-09-28,Body Pain,1
2025-W39,2025-09-22,2025-09-28,Dental,1
2025-W39,2025-09-22,2025-09-28,Dizziness,0
2025-W39,2025-09-22,2025-09-28,Dysmenorrhea,2
2025-W39,2025-09-22,2025-09-28,Fever,2
2025-W39,2025-09-22,2025-09-28,Gastrointestinal,0
2025-W39,2025-09-22,2025-09-28,Headache,1
2025-W39,2025-09-22,2025-09-28,Respiratory,9
2025-W39,2025-09-22,2025-09-28,Wound/Injury,0
2025-W40,2025-09-29,2025-10-05,Allergy,3
2025-W40,2025-09-29,2025-10-05,Blood Pressure,0
2025-W40,2025-09-29,2025-10-05,Body Pain,2
2025-W40,2025-09-29,2025-10-05,Dental,0
2025-W40,2025-09-29,2025-10-05,Dizziness,0
2025-W40,2025-09-29,2025-10-05,Dysmenorrhea,0
2025-W40,2025-09-29,2025-10-05,Fever,1
2025-W40,2025-09-29,2025-10-05,Gastrointestinal,1
2025-W40,2025-09-29,2025-10-05,Headache,0
2025-W40,2025-09-29,2025-10-05,Respiratory,7
2025-W40,2025-09-29,2025-10-05,Wound/Injury,0
2025-W41,2025-10-06,2025-10-12,Allergy,1
2025-W41,2025-10-06,2025-10-12,Blood Pressure,4
2025-W41,2025-10-06,2025-10-12,Body Pain,1
2025-W41,2025-10-06,2025-10-12,Dental,1
2025-W41,2025-10-06,2025-10-12,Dizziness,0
2025-W41,2025-10-06,2025-10-12,Dysmenorrhea,0
2025-W41,2025-10-06,2025-10-12,Fever,2
2025-W41,2025-10-06,2025-10-12,Gastrointestinal,4
2025-W41,2025-10-06,2025-10-12,Headache,2
2025-W41,2025-10-06,2025-10-12,Respiratory,2
2025-W41,2025-10-06,2025-10-12,Wound/Injury,1
2025-W42,2025-10-13,2025-10-19,Allergy,3
2025-W42,2025-10-13,2025-10-19,Blood Pressure,0
2025-W42,2025-10-13,2025-10-19,Body Pain,2
2025-W42,2025-10-13,2025-10-19,Dental,0
2025-W42,2025-10-13,2025-10-19,Dizziness,0
2025-W42,2025-10-13,2025-10-19,Dysmenorrhea,2
2025-W42,2025-10-13,2025-10-19,Fever,2
2025-W42,2025-10-13,2025-10-19,Gastrointestinal,2
2025-W42,2025-10-13,2025-10-19,Headache,1
2025-W42,2025-10-13,2025-10-19,Respiratory,4
2025-W42,2025-10-13,2025-10-19,Wound/Injury,0
2025-W43,2025-10-20,2025-10-26,Allergy,0
2025-W43,2025-10-20,2025-10-26,Blood Pressure,0
2025-W43,2025-10-20,2025-10-26,Body Pain,1
2025-W43,2025-10-20,2025-10-26,Dental,1
2025-W43,2025-10-20,2025-10-26,Dizziness,0
2025-W43,2025-10-20,2025-10-26,Dysmenorrhea,1
2025-W43,2025-10-20,2025-10-26,Fever,3
2025-W43,2025-10-20,2025-10-26,Gastrointestinal,0
2025-W43,2025-10-20,2025-10-26,Headache,1
2025-W43,2025-10-20,2025-10-26,Respiratory,3
2025-W43,2025-10-20,2025-10-26,Wound/Injury,2
2025-W44,2025-10-27,2025-11-02,Allergy,2
2025-W44,2025-10-27,2025-11-02,Blood Pressure,1
2025-W44,2025-10-27,2025-11-02,Body Pain,0
2025-W44,2025-10-27,2025-11-02,Dental,1
2025-W44,2025-10-27,2025-11-02,Dizziness,0
2025-W44,2025-10-27,2025-11-02,Dysmenorrhea,0
2025-W44,2025-10-27,2025-11-02,Fever,1
2025-W44,2025-10-27,2025-11-02,Gastrointestinal,4
2025-W44,2025-10-27,2025-11-02,Headache,1
2025-W44,2025-10-27,2025-11-02,Respiratory,4
2025-W44,2025-10-27,2025-11-02,Wound/Injury,2
2025-W45,2025-11-03,2025-11-09,Allergy,3
2025-W45,2025-11-03,2025-11-09,Blood Pressure,1
2025-W45,2025-11-03,2025-11-09,Body Pain,2
2025-W45,2025-11-03,2025-11-09,Dental,2
2025-W45,2025-11-03,2025-11-09,Dizziness,1
2025-W45,2025-11-03,2025-11-09,Dysmenorrhea,1
2025-W45,2025-11-03,2025-11-09,Fever,1
2025-W45,2025-11-03,2025-11-09,Gastrointestinal,1
2025-W45,2025-11-03,2025-11-09,Headache,1
2025-W45,2025-11-03,2025-11-09,Respiratory,7
2025-W45,2025-11-03,2025-11-09,Wound/Injury,1
2025-W46,2025-11-10,2025-11-16,Allergy,4
2025-W46,2025-11-10,2025-11-16,Blood Pressure,1
2025-W46,2025-11-10,2025-11-16,Body Pain,1
2025-W46,2025-11-10,2025-11-16,Dental,1
2025-W46,2025-11-10,2025-11-16,Dizziness,0
2025-W46,2025-11-10,2025-11-16,Dysmenorrhea,0
2025-W46,2025-11-10,2025-11-16,Fever,2
2025-W46,2025-11-10,2025-11-16,Gastrointestinal,1
2025-W46,2025-11-10,2025-11-16,Headache,1
2025-W46,2025-11-10,2025-11-16,Respiratory,4
2025-W46,2025-11-10,2025-11-16,Wound/Injury,1
2025-W47,2025-11-17,2025-11-23,Allergy,2
2025-W47,2025-11-17,2025-11-23,Blood Pressure,1
2025-W47,2025-11-17,2025-11-23,Body Pain,2
2025-W47,2025-11-17,2025-11-23,Dental,0
2025-W47,2025-11-17,2025-11-23,Dizziness,1
2025-W47,2025-11-17,2025-11-23,Dysmenorrhea,0
2025-W47,2025-11-17,2025-11-23,Fever,1
2025-W47,2025-11-17,2025-11-23,Gastrointestinal,1
2025-W47,2025-11-17,2025-11-23,Headache,0
2025-W47,2025-11-17,2025-11-23,Respiratory,5
2025-W47,2025-11-17,2025-11-23,Wound/Injury,1
2025-W48,2025-11-24,2025-11-30,Allergy,0
2025-W48,2025-11-24,2025-11-30,Blood Pressure,2
2025-W48,2025-11-24,2025-11-30,Body Pain,1
2025-W48,2025-11-24,2025-11-30,Dental,0
2025-W48,2025-11-24,2025-11-30,Dizziness,0
2025-W48,2025-11-24,2025-11-30,Dysmenorrhea,1
2025-W48,2025-11-24,2025-11-30,Fever,1
2025-W48,2025-11-24,2025-11-30,Gastrointestinal,3
2025-W48,2025-11-24,2025-11-30,Headache,1
2025-W48,2025-11-24,2025-11-30,Respiratory,5
2025-W48,2025-11-24,2025-11-30,Wound/Injury,1
2025-W49,2025-12-01,2025-12-07,Allergy,2
2025-W49,2025-12-01,2025-12-07,Blood Pressure,0
2025-W49,2025-12-01,2025-12-07,Body Pain,2
2025-W49,2025-12-01,2025-12-07,Dental,0
2025-W49,2025-12-01,2025-12-07,Dizziness,0
2025-W49,2025-12-01,2025-12-07,Dysmenorrhea,0
2025-W49,2025-12-01,2025-12-07,Fever,1
2025-W49,2025-12-01,2025-12-07,Gastrointestinal,1
2025-W49,2025-12-01,2025-12-07,Headache,2
2025-W49,2025-12-01,2025-12-07,Respiratory,1
2025-W49,2025-12-01,2025-12-07,Wound/Injury,1
2025-W50,2025-12-08,2025-12-14,Allergy,2
2025-W50,2025-12-08,2025-12-14,Blood Pressure,2
2025-W50,2025-12-08,2025-12-14,Body Pain,1
2025-W50,2025-12-08,2025-12-14,Dental,2
2025-W50,2025-12-08,2025-12-14,Dizziness,1
2025-W50,2025-12-08,2025-12-14,Dysmenorrhea,0
2025-W50,2025-12-08,2025-12-14,Fever,0
2025-W50,2025-12-08,2025-12-14,Gastrointestinal,0
2025-W50,2025-12-08,2025-12-14,Headache,1
2025-W50,2025-12-08,2025-12-14,Respiratory,1
2025-W50,2025-12-08,2025-12-14,Wound/Injury,1
2025-W51,2025-12-15,2025-12-21,Allergy,0
2025-W51,2025-12-15,2025-12-21,Blood Pressure,0
2025-W51,2025-12-15,2025-12-21,Body Pain,0
2025-W51,2025-12-15,2025-12-21,Dental,0
2025-W51,2025-12-15,2025-12-21,Dizziness,0
2025-W51,2025-12-15,2025-12-21,Dysmenorrhea,0
2025-W51,2025-12-15,2025-12-21,Fever,0
2025-W51,2025-12-15,2025-12-21,Gastrointestinal,0
2025-W51,2025-12-15,2025-12-21,Headache,0
2025-W51,2025-12-15,2025-12-21,Respiratory,0
2025-W51,2025-12-15,2025-12-21,Wound/Injury,0
2025-W52,2025-12-22,2025-12-28,Allergy,0
2025-W52,2025-12-22,2025-12-28,Blood Pressure,0
2025-W52,2025-12-22,2025-12-28,Body Pain,0
2025-W52,2025-12-22,2025-12-28,Dental,0
2025-W52,2025-12-22,2025-12-28,Dizziness,0
2025-W52,2025-12-22,2025-12-28,Dysmenorrhea,0
2025-W52,2025-12-22,2025-12-28,Fever,0
2025-W52,2025-12-22,2025-12-28,Gastrointestinal,0
2025-W52,2025-12-22,2025-12-28,Headache,0
2025-W52,2025-12-22,2025-12-28,Respiratory,0
2025-W52,2025-12-22,2025-12-28,Wound/Injury,0
2026-W01,2025-12-29,2026-01-04,Allergy,0
2026-W01,2025-12-29,2026-01-04,Blood Pressure,0
2026-W01,2025-12-29,2026-01-04,Body Pain,0
2026-W01,2025-12-29,2026-01-04,Dental,0
2026-W01,2025-12-29,2026-01-04,Dizziness,0
2026-W01,2025-12-29,2026-01-04,Dysmenorrhea,0
2026-W01,2025-12-29,2026-01-04,Fever,0
2026-W01,2025-12-29,2026-01-04,Gastrointestinal,0
2026-W01,2025-12-29,2026-01-04,Headache,0
2026-W01,2025-12-29,2026-01-04,Respiratory,2
2026-W01,2025-12-29,2026-01-04,Wound/Injury,0
2026-W02,2026-01-05,2026-01-11,Allergy,6
2026-W02,2026-01-05,2026-01-11,Blood Pressure,5
2026-W02,2026-01-05,2026-01-11,Body Pain,12
2026-W02,2026-01-05,2026-01-11,Dental,4
2026-W02,2026-01-05,2026-01-11,Dizziness,2
2026-W02,2026-01-05,2026-01-11,Dysmenorrhea,3
2026-W02,2026-01-05,2026-01-11,Fever,5
2026-W02,2026-01-05,2026-01-11,Gastrointestinal,7
2026-W02,2026-01-05,2026-01-11,Headache,6
2026-W02,2026-01-05,2026-01-11,Respiratory,26
2026-W02,2026-01-05,2026-01-11,Wound/Injury,3
2026-W03,2026-01-12,2026-01-18,Allergy,7
2026-W03,2026-01-12,2026-01-18,Blood Pressure,5
2026-W03,2026-01-12,2026-01-18,Body Pain,10
2026-W03,2026-01-12,2026-01-18,Dental,3
2026-W03,2026-01-12,2026-01-18,Dizziness,5
2026-W03,2026-01-12,2026-01-18,Dysmenorrhea,2
2026-W03,2026-01-12,2026-01-18,Fever,6
2026-W03,2026-01-12,2026-01-18,Gastrointestinal,11
2026-W03,2026-01-12,2026-01-18,Headache,14
2026-W03,2026-01-12,2026-01-18,Respiratory,28
2026-W03,2026-01-12,2026-01-18,Wound/Injury,5
2026-W04,2026-01-19,2026-01-25,Allergy,6
2026-W04,2026-01-19,2026-01-25,Blood Pressure,7
2026-W04,2026-01-19,2026-01-25,Body Pain,5
2026-W04,2026-01-19,2026-01-25,Dental,3
2026-W04,2026-01-19,2026-01-25,Dizziness,5
2026-W04,2026-01-19,2026-01-25,Dysmenorrhea,1
2026-W04,2026-01-19,2026-01-25,Fever,0
2026-W04,2026-01-19,2026-01-25,Gastrointestinal,5
2026-W04,2026-01-19,2026-01-25,Headache,7
2026-W04,2026-01-19,2026-01-25,Respiratory,12
2026-W04,2026-01-19,2026-01-25,Wound/Injury,4
2026-W05,2026-01-26,2026-02-01,Allergy,7
2026-W05,2026-01-26,2026-02-01,Blood Pressure,4
2026-W05,2026-01-26,2026-02-01,Body Pain,11
2026-W05,2026-01-26,2026-02-01,Dental,8
2026-W05,2026-01-26,2026-02-01,Dizziness,7
2026-W05,2026-01-26,2026-02-01,Dysmenorrhea,5
2026-W05,2026-01-26,2026-02-01,Fever,5
2026-W05,2026-01-26,2026-02-01,Gastrointestinal,7
2026-W05,2026-01-26,2026-02-01,Headache,15
2026-W05,2026-01-26,2026-02-01,Respiratory,21
2026-W05,2026-01-26,2026-02-01,Wound/Injury,4
2026-W06,2026-02-02,2026-02-08,Allergy,13
2026-W06,2026-02-02,2026-02-08,Blood Pressure,9
2026-W06,2026-02-02,2026-02-08,Body Pain,21
2026-W06,2026-02-02,2026-02-08,Dental,10
2026-W06,2026-02-02,2026-02-08,Dizziness,7
2026-W06,2026-02-02,2026-02-08,Dysmenorrhea,7
2026-W06,2026-02-02,2026-02-08,Fever,14
2026-W06,2026-02-02,2026-02-08,Gastrointestinal,17
2026-W06,2026-02-02,2026-02-08,Headache,21
2026-W06,2026-02-02,2026-02-08,Respiratory,35
2026-W06,2026-02-02,2026-02-08,Wound/Injury,11
2026-W07,2026-02-09,2026-02-15,Allergy,17
2026-W07,2026-02-09,2026-02-15,Blood Pressure,7
2026-W07,2026-02-09,2026-02-15,Body Pain,14
2026-W07,2026-02-09,2026-02-15,Dental,11
2026-W07,2026-02-09,2026-02-15,Dizziness,6
2026-W07,2026-02-09,2026-02-15,Dysmenorrhea,5
2026-W07,2026-02-09,2026-02-15,Fever,10
2026-W07,2026-02-09,2026-02-15,Gastrointestinal,14
2026-W07,2026-02-09,2026-02-15,Headache,11
2026-W07,2026-02-09,2026-02-15,Respiratory,30
2026-W07,2026-02-09,2026-02-15,Wound/Injury,4
2026-W08,2026-02-16,2026-02-22,Allergy,10
2026-W08,2026-02-16,2026-02-22,Blood Pressure,12
2026-W08,2026-02-16,2026-02-22,Body Pain,19
2026-W08,2026-02-16,2026-02-22,Dental,9
2026-W08,2026-02-16,2026-02-22,Dizziness,9
2026-W08,2026-02-16,2026-02-22,Dysmenorrhea,5
2026-W08,2026-02-16,2026-02-22,Fever,8
2026-W08,2026-02-16,2026-02-22,Gastrointestinal,26
2026-W08,2026-02-16,2026-02-22,Headache,19
2026-W08,2026-02-16,2026-02-22,Respiratory,36
2026-W08,2026-02-16,2026-02-22,Wound/Injury,10
2026-W09,2026-02-23,2026-03-01,Allergy,12
2026-W09,2026-02-23,2026-03-01,Blood Pressure,9
2026-W09,2026-02-23,2026-03-01,Body Pain,9
2026-W09,2026-02-23,2026-03-01,Dental,8
2026-W09,2026-02-23,2026-03-01,Dizziness,8
2026-W09,2026-02-23,2026-03-01,Dysmenorrhea,5
2026-W09,2026-02-23,2026-03-01,Fever,8
2026-W09,2026-02-23,2026-03-01,Gastrointestinal,22
2026-W09,2026-02-23,2026-03-01,Headache,21
2026-W09,2026-02-23,2026-03-01,Respiratory,21
2026-W09,2026-02-23,2026-03-01,Wound/Injury,8
2026-W10,2026-03-02,2026-03-08,Allergy,11
2026-W10,2026-03-02,2026-03-08,Blood Pressure,7
2026-W10,2026-03-02,2026-03-08,Body Pain,13
2026-W10,2026-03-02,2026-03-08,Dental,10
2026-W10,2026-03-02,2026-03-08,Dizziness,8
2026-W10,2026-03-02,2026-03-08,Dysmenorrhea,5
2026-W10,2026-03-02,2026-03-08,Fever,5
2026-W10,2026-03-02,2026-03-08,Gastrointestinal,14
2026-W10,2026-03-02,2026-03-08,Headache,17
2026-W10,2026-03-02,2026-03-08,Respiratory,41
2026-W10,2026-03-02,2026-03-08,Wound/Injury,10
2026-W11,2026-03-09,2026-03-15,Allergy,8
2026-W11,2026-03-09,2026-03-15,Blood Pressure,5
2026-W11,2026-03-09,2026-03-15,Body Pain,16
2026-W11,2026-03-09,2026-03-15,Dental,15
2026-W11,2026-03-09,2026-03-15,Dizziness,7
2026-W11,2026-03-09,2026-03-15,Dysmenorrhea,7
2026-W11,2026-03-09,2026-03-15,Fever,8
2026-W11,2026-03-09,2026-03-15,Gastrointestinal,20
2026-W11,2026-03-09,2026-03-15,Headache,24
2026-W11,2026-03-09,2026-03-15,Respiratory,36
2026-W11,2026-03-09,2026-03-15,Wound/Injury,10
2026-W12,2026-03-16,2026-03-22,Allergy,4
2026-W12,2026-03-16,2026-03-22,Blood Pressure,3
2026-W12,2026-03-16,2026-03-22,Body Pain,12
2026-W12,2026-03-16,2026-03-22,Dental,8
2026-W12,2026-03-16,2026-03-22,Dizziness,3
2026-W12,2026-03-16,2026-03-22,Dysmenorrhea,7
2026-W12,2026-03-16,2026-03-22,Fever,1
2026-W12,2026-03-16,2026-03-22,Gastrointestinal,11
2026-W12,2026-03-16,2026-03-22,Headache,17
2026-W12,2026-03-16,2026-03-22,Respiratory,23
2026-W12,2026-03-16,2026-03-22,Wound/Injury,6
2026-W13,2026-03-23,2026-03-29,Allergy,4
2026-W13,2026-03-23,2026-03-29,Blood Pressure,7
2026-W13,2026-03-23,2026-03-29,Body Pain,9
2026-W13,2026-03-23,2026-03-29,Dental,9
2026-W13,2026-03-23,2026-03-29,Dizziness,4
2026-W13,2026-03-23,2026-03-29,Dysmenorrhea,3
2026-W13,2026-03-23,2026-03-29,Fever,12
2026-W13,2026-03-23,2026-03-29,Gastrointestinal,10
2026-W13,2026-03-23,2026-03-29,Headache,13
2026-W13,2026-03-23,2026-03-29,Respiratory,38
2026-W13,2026-03-23,2026-03-29,Wound/Injury,7
2026-W14,2026-03-30,2026-04-05,Allergy,3
2026-W14,2026-03-30,2026-04-05,Blood Pressure,4
2026-W14,2026-03-30,2026-04-05,Body Pain,7
2026-W14,2026-03-30,2026-04-05,Dental,4
2026-W14,2026-03-30,2026-04-05,Dizziness,1
2026-W14,2026-03-30,2026-04-05,Dysmenorrhea,2
2026-W14,2026-03-30,2026-04-05,Fever,6
2026-W14,2026-03-30,2026-04-05,Gastrointestinal,7
2026-W14,2026-03-30,2026-04-05,Headache,9
2026-W14,2026-03-30,2026-04-05,Respiratory,14
2026-W14,2026-03-30,2026-04-05,Wound/Injury,5
2026-W15,2026-04-06,2026-04-12,Allergy,8
2026-W15,2026-04-06,2026-04-12,Blood Pressure,4
2026-W15,2026-04-06,2026-04-12,Body Pain,7
2026-W15,2026-04-06,2026-04-12,Dental,5
2026-W15,2026-04-06,2026-04-12,Dizziness,3
2026-W15,2026-04-06,2026-04-12,Dysmenorrhea,5
2026-W15,2026-04-06,2026-04-12,Fever,5
2026-W15,2026-04-06,2026-04-12,Gastrointestinal,4
2026-W15,2026-04-06,2026-04-12,Headache,5
2026-W15,2026-04-06,2026-04-12,Respiratory,15
2026-W15,2026-04-06,2026-04-12,Wound/Injury,3
2026-W16,2026-04-13,2026-04-19,Allergy,7
2026-W16,2026-04-13,2026-04-19,Blood Pressure,2
2026-W16,2026-04-13,2026-04-19,Body Pain,11
2026-W16,2026-04-13,2026-04-19,Dental,7
2026-W16,2026-04-13,2026-04-19,Dizziness,2
2026-W16,2026-04-13,2026-04-19,Dysmenorrhea,1
2026-W16,2026-04-13,2026-04-19,Fever,8
2026-W16,2026-04-13,2026-04-19,Gastrointestinal,8
2026-W16,2026-04-13,2026-04-19,Headache,12
2026-W16,2026-04-13,2026-04-19,Respiratory,24
2026-W16,2026-04-13,2026-04-19,Wound/Injury,7
2026-W17,2026-04-20,2026-04-26,Allergy,18
2026-W17,2026-04-20,2026-04-26,Blood Pressure,6
2026-W17,2026-04-20,2026-04-26,Body Pain,9
2026-W17,2026-04-20,2026-04-26,Dental,5
2026-W17,2026-04-20,2026-04-26,Dizziness,2
2026-W17,2026-04-20,2026-04-26,Dysmenorrhea,4
2026-W17,2026-04-20,2026-04-26,Fever,10
2026-W17,2026-04-20,2026-04-26,Gastrointestinal,13
2026-W17,2026-04-20,2026-04-26,Headache,24
2026-W17,2026-04-20,2026-04-26,Respiratory,17
2026-W17,2026-04-20,2026-04-26,Wound/Injury,6
2026-W18,2026-04-27,2026-05-03,Allergy,3
2026-W18,2026-04-27,2026-05-03,Blood Pressure,6
2026-W18,2026-04-27,2026-05-03,Body Pain,4
2026-W18,2026-04-27,2026-05-03,Dental,6
2026-W18,2026-04-27,2026-05-03,Dizziness,5
2026-W18,2026-04-27,2026-05-03,Dysmenorrhea,2
2026-W18,2026-04-27,2026-05-03,Fever,5
2026-W18,2026-04-27,2026-05-03,Gastrointestinal,11
2026-W18,2026-04-27,2026-05-03,Headache,19
2026-W18,2026-04-27,2026-05-03,Respiratory,10
2026-W18,2026-04-27,2026-05-03,Wound/Injury,3
2026-W19,2026-05-04,2026-05-10,Allergy,7
2026-W19,2026-05-04,2026-05-10,Blood Pressure,2
2026-W19,2026-05-04,2026-05-10,Body Pain,9
2026-W19,2026-05-04,2026-05-10,Dental,5
2026-W19,2026-05-04,2026-05-10,Dizziness,3
2026-W19,2026-05-04,2026-05-10,Dysmenorrhea,1
2026-W19,2026-05-04,2026-05-10,Fever,4
2026-W19,2026-05-04,2026-05-10,Gastrointestinal,7
2026-W19,2026-05-04,2026-05-10,Headache,4
2026-W19,2026-05-04,2026-05-10,Respiratory,10
2026-W19,2026-05-04,2026-05-10,Wound/Injury,3
2026-W20,2026-05-11,2026-05-17,Allergy,5
2026-W20,2026-05-11,2026-05-17,Blood Pressure,3
2026-W20,2026-05-11,2026-05-17,Body Pain,9
2026-W20,2026-05-11,2026-05-17,Dental,3
2026-W20,2026-05-11,2026-05-17,Dizziness,2
2026-W20,2026-05-11,2026-05-17,Dysmenorrhea,3
2026-W20,2026-05-11,2026-05-17,Fever,2
2026-W20,2026-05-11,2026-05-17,Gastrointestinal,12
2026-W20,2026-05-11,2026-05-17,Headache,1
2026-W20,2026-05-11,2026-05-17,Respiratory,7
2026-W20,2026-05-11,2026-05-17,Wound/Injury,5
2026-W21,2026-05-18,2026-05-24,Allergy,4
2026-W21,2026-05-18,2026-05-24,Blood Pressure,2
2026-W21,2026-05-18,2026-05-24,Body Pain,9
2026-W21,2026-05-18,2026-05-24,Dental,3
2026-W21,2026-05-18,2026-05-24,Dizziness,4
2026-W21,2026-05-18,2026-05-24,Dysmenorrhea,3
2026-W21,2026-05-18,2026-05-24,Fever,3
2026-W21,2026-05-18,2026-05-24,Gastrointestinal,9
2026-W21,2026-05-18,2026-05-24,Headache,3
2026-W21,2026-05-18,2026-05-24,Respiratory,12
2026-W21,2026-05-18,2026-05-24,Wound/Injury,6
2026-W22,2026-05-25,2026-05-31,Allergy,6
2026-W22,2026-05-25,2026-05-31,Blood Pressure,3
2026-W22,2026-05-25,2026-05-31,Body Pain,6
2026-W22,2026-05-25,2026-05-31,Dental,8
2026-W22,2026-05-25,2026-05-31,Dizziness,2
2026-W22,2026-05-25,2026-05-31,Dysmenorrhea,2
2026-W22,2026-05-25,2026-05-31,Fever,3
2026-W22,2026-05-25,2026-05-31,Gastrointestinal,8
2026-W22,2026-05-25,2026-05-31,Headache,4
2026-W22,2026-05-25,2026-05-31,Respiratory,19
2026-W22,2026-05-25,2026-05-31,Wound/Injury,5
2026-W23,2026-06-01,2026-06-07,Allergy,9
2026-W23,2026-06-01,2026-06-07,Blood Pressure,6
2026-W23,2026-06-01,2026-06-07,Body Pain,9
2026-W23,2026-06-01,2026-06-07,Dental,3
2026-W23,2026-06-01,2026-06-07,Dizziness,6
2026-W23,2026-06-01,2026-06-07,Dysmenorrhea,2
2026-W23,2026-06-01,2026-06-07,Fever,3
2026-W23,2026-06-01,2026-06-07,Gastrointestinal,17
2026-W23,2026-06-01,2026-06-07,Headache,14
2026-W23,2026-06-01,2026-06-07,Respiratory,26
2026-W23,2026-06-01,2026-06-07,Wound/Injury,3
2026-W24,2026-06-08,2026-06-14,Allergy,5
2026-W24,2026-06-08,2026-06-14,Blood Pressure,5
2026-W24,2026-06-08,2026-06-14,Body Pain,9
2026-W24,2026-06-08,2026-06-14,Dental,6
2026-W24,2026-06-08,2026-06-14,Dizziness,5
2026-W24,2026-06-08,2026-06-14,Dysmenorrhea,2
2026-W24,2026-06-08,2026-06-14,Fever,4
2026-W24,2026-06-08,2026-06-14,Gastrointestinal,13
2026-W24,2026-06-08,2026-06-14,Headache,2
2026-W24,2026-06-08,2026-06-14,Respiratory,14
2026-W24,2026-06-08,2026-06-14,Wound/Injury,4
2026-W25,2026-06-15,2026-06-21,Allergy,5
2026-W25,2026-06-15,2026-06-21,Blood Pressure,9
2026-W25,2026-06-15,2026-06-21,Body Pain,6
2026-W25,2026-06-15,2026-06-21,Dental,7
2026-W25,2026-06-15,2026-06-21,Dizziness,2
2026-W25,2026-06-15,2026-06-21,Dysmenorrhea,1
2026-W25,2026-06-15,2026-06-21,Fever,5
2026-W25,2026-06-15,2026-06-21,Gastrointestinal,13
2026-W25,2026-06-15,2026-06-21,Headache,15
2026-W25,2026-06-15,2026-06-21,Respiratory,23
2026-W25,2026-06-15,2026-06-21,Wound/Injury,3
2026-W26,2026-06-22,2026-06-28,Allergy,3
2026-W26,2026-06-22,2026-06-28,Blood Pressure,0
2026-W26,2026-06-22,2026-06-28,Body Pain,4
2026-W26,2026-06-22,2026-06-28,Dental,2
2026-W26,2026-06-22,2026-06-28,Dizziness,1
2026-W26,2026-06-22,2026-06-28,Dysmenorrhea,1
2026-W26,2026-06-22,2026-06-28,Fever,2
2026-W26,2026-06-22,2026-06-28,Gastrointestinal,7
2026-W26,2026-06-22,2026-06-28,Headache,3
2026-W26,2026-06-22,2026-06-28,Respiratory,5
2026-W26,2026-06-22,2026-06-28,Wound/Injury,1
2026-W27,2026-06-29,2026-07-05,Allergy,5
2026-W27,2026-06-29,2026-07-05,Blood Pressure,0
2026-W27,2026-06-29,2026-07-05,Body Pain,3
2026-W27,2026-06-29,2026-07-05,Dental,3
2026-W27,2026-06-29,2026-07-05,Dizziness,2
2026-W27,2026-06-29,2026-07-05,Dysmenorrhea,3
2026-W27,2026-06-29,2026-07-05,Fever,0
2026-W27,2026-06-29,2026-07-05,Gastrointestinal,6
2026-W27,2026-06-29,2026-07-05,Headache,8
2026-W27,2026-06-29,2026-07-05,Respiratory,10
2026-W27,2026-06-29,2026-07-05,Wound/Injury,1
2026-W28,2026-07-06,2026-07-12,Allergy,0
2026-W28,2026-07-06,2026-07-12,Blood Pressure,2
2026-W28,2026-07-06,2026-07-12,Body Pain,2
2026-W28,2026-07-06,2026-07-12,Dental,0
2026-W28,2026-07-06,2026-07-12,Dizziness,0
2026-W28,2026-07-06,2026-07-12,Dysmenorrhea,0
2026-W28,2026-07-06,2026-07-12,Fever,0
2026-W28,2026-07-06,2026-07-12,Gastrointestinal,1
2026-W28,2026-07-06,2026-07-12,Headache,0
2026-W28,2026-07-06,2026-07-12,Respiratory,0
2026-W28,2026-07-06,2026-07-12,Wound/Injury,0
